open,close,high,low,value,volume,begin,end
60.92,59.66,60.94,59.4,2303282809.2,38494240,2020-10-12,2020-10-12 23:59:59
59.5,57.68,59.8,57.66,3031965923.8,51910160,2020-10-13,2020-10-13 23:59:59
57.8,59.06,59.34,57.12,2356142678.0,40161570,2020-10-14,2020-10-14 23:59:59
59.2,57.98,59.6,57.16,1852725526.8,31929580,2020-10-15,2020-10-15 23:59:59
58.14,58.2,59.14,57.66,1512190514.8,25915430,2020-10-16,2020-10-16 23:59:59
58.2,58.56,58.88,57.9,912402046.2,15591320,2020-10-19,2020-10-19 23:59:59
58.56,58.4,58.7,57.48,1383486497.2,23811750,2020-10-20,2020-10-20 23:59:59
58.14,58.42,58.86,58.0,683914878.2,11707670,2020-10-21,2020-10-21 23:59:59
58.4,59.6,59.62,58.26,1421725928.0,24077390,2020-10-22,2020-10-22 23:59:59
59.48,59.82,60.58,59.48,1211506450.2,20266090,2020-10-23,2020-10-23 23:59:59
59.72,58.44,60.3,58.04,1326770827.0,22442500,2020-10-26,2020-10-26 23:59:59
58.6,57.58,58.66,57.1,1333725589.0,23108070,2020-10-27,2020-10-27 23:59:59
57.46,55.08,57.7,55.02,2340646821.6,41765560,2020-10-28,2020-10-28 23:59:59
55.16,56.72,57.44,54.5,1474845459.0,26536450,2020-10-29,2020-10-29 23:59:59
55.9,57.3,57.88,55.3,2129113006.8,37367270,2020-10-30,2020-10-30 23:59:59
57.24,56.48,57.26,55.1,1314552675.0,23443560,2020-11-02,2020-11-02 23:59:59
56.92,58.0,58.7,56.54,1547419633.8,26689320,2020-11-03,2020-11-03 23:59:59
58.68,58.94,60.1,58.06,2012007934.0,33945380,2020-11-05,2020-11-05 23:59:59
59.0,59.66,59.86,58.4,1242474294.2,20941110,2020-11-06,2020-11-06 23:59:59
60.0,65.12,68.1,58.8,10001332854.4,157878300,2020-11-09,2020-11-09 23:59:59
64.94,65.34,66.2,63.72,3613071376.2,55222530,2020-11-10,2020-11-10 23:59:59
65.36,66.94,67.78,65.34,3522605542.6,52785630,2020-11-11,2020-11-11 23:59:59
66.48,64.96,66.8,64.8,1945019306.0,29441040,2020-11-12,2020-11-12 23:59:59
65.4,67.3,67.3,64.36,2791178016.0,42241300,2020-11-13,2020-11-13 23:59:59
67.7,69.44,70.2,67.7,4385147741.6,63371930,2020-11-16,2020-11-16 23:59:59
69.68,67.5,70.04,66.34,3021597513.4,44576440,2020-11-17,2020-11-17 23:59:59
67.3,68.08,69.8,66.94,3121417271.4,45368790,2020-11-18,2020-11-18 23:59:59
68.36,68.54,69.22,67.1,1974939487.6,28950640,2020-11-19,2020-11-19 23:59:59
68.2,68.98,69.22,68.02,1012386491.0,14724470,2020-11-20,2020-11-20 23:59:59
69.0,69.48,70.1,68.82,1600335442.4,23031280,2020-11-23,2020-11-23 23:59:59
69.72,72.62,72.62,69.36,3998135703.2,56199360,2020-11-24,2020-11-24 23:59:59
72.74,72.18,74.98,70.76,4899914488.8,67317020,2020-11-25,2020-11-25 23:59:59
72.26,71.24,73.08,70.32,2407620975.8,33621190,2020-11-26,2020-11-26 23:59:59
71.14,72.0,72.28,70.4,1648323645.0,23085080,2020-11-27,2020-11-27 23:59:59
71.6,71.66,72.62,70.7,1777379526.4,24769580,2020-11-30,2020-11-30 23:59:59
72.1,72.18,72.42,71.46,1342401514.0,18647290,2020-12-01,2020-12-01 23:59:59
72.0,72.5,72.5,71.7,1139264728.0,15801710,2020-12-02,2020-12-02 23:59:59
72.28,74.0,74.32,72.24,2520719336.2,34266650,2020-12-03,2020-12-03 23:59:59
74.2,74.14,75.48,73.34,2745978695.2,36948050,2020-12-04,2020-12-04 23:59:59
74.22,74.0,75.12,73.6,1907262946.8,25689540,2020-12-07,2020-12-07 23:59:59
74.0,72.7,74.0,71.36,2079804117.8,28608330,2020-12-08,2020-12-08 23:59:59
72.96,72.0,73.26,71.52,1455588381.2,20086090,2020-12-09,2020-12-09 23:59:59
71.98,72.18,72.4,71.1,1409188685.0,19649570,2020-12-10,2020-12-10 23:59:59
71.96,71.76,73.08,71.1,1647946068.4,22949290,2020-12-11,2020-12-11 23:59:59
71.88,71.08,72.24,69.54,2042571962.0,28661340,2020-12-14,2020-12-14 23:59:59
70.8,70.24,71.1,69.6,1301808608.8,18541630,2020-12-15,2020-12-15 23:59:59
70.1,71.46,71.48,69.76,1297711064.0,18406370,2020-12-16,2020-12-16 23:59:59
71.5,71.1,72.2,70.6,1657410686.6,23210170,2020-12-17,2020-12-17 23:59:59
71.0,71.4,72.38,70.74,2641138259.2,36988650,2020-12-18,2020-12-18 23:59:59
70.82,68.76,70.9,66.54,3780445438.6,55398500,2020-12-21,2020-12-21 23:59:59
67.98,68.74,69.7,67.5,1457050971.0,21158790,2020-12-22,2020-12-22 23:59:59
68.62,69.42,69.88,68.32,806350367.8,11656920,2020-12-23,2020-12-23 23:59:59
69.5,68.98,69.66,68.72,634234961.4,9188070,2020-12-24,2020-12-24 23:59:59
69.34,69.14,69.34,68.68,377687707.2,5475150,2020-12-25,2020-12-25 23:59:59
69.24,69.62,70.26,69.12,761716666.2,10948870,2020-12-28,2020-12-28 23:59:59
69.84,70.62,71.64,69.5,1526025983.6,21641070,2020-12-29,2020-12-29 23:59:59
70.76,71.44,71.98,70.66,1332721637.4,18660010,2020-12-30,2020-12-30 23:59:59
71.76,72.06,73.1,71.6,1284933791.8,17724460,2021-01-04,2021-01-04 23:59:59
72.0,72.74,72.86,71.8,951017585.2,13120660,2021-01-05,2021-01-05 23:59:59
72.88,72.96,73.78,72.62,1351600235.0,18478850,2021-01-06,2021-01-06 23:59:59
73.3,73.58,73.82,73.0,1195135159.4,16300610,2021-01-08,2021-01-08 23:59:59
73.38,74.08,74.56,72.68,1926535680.2,26110910,2021-01-11,2021-01-11 23:59:59
73.94,74.18,74.54,73.12,1225723204.2,16566970,2021-01-12,2021-01-12 23:59:59
74.12,73.5,74.38,72.92,972619091.4,13254180,2021-01-13,2021-01-13 23:59:59
73.4,73.16,73.76,72.74,1069129368.6,14637730,2021-01-14,2021-01-14 23:59:59
73.0,72.3,73.6,72.08,1056866759.4,14506000,2021-01-15,2021-01-15 23:59:59
72.5,72.78,73.0,72.22,733232626.4,10102260,2021-01-18,2021-01-18 23:59:59
72.96,73.72,74.3,72.68,1796635217.4,24378410,2021-01-19,2021-01-19 23:59:59
73.68,73.72,74.28,73.3,940800337.6,12754380,2021-01-20,2021-01-20 23:59:59
73.84,72.5,73.98,72.24,966315903.8,13268930,2021-01-21,2021-01-21 23:59:59
72.46,71.84,72.74,71.12,1273882748.4,17731400,2021-01-22,2021-01-22 23:59:59
72.18,71.14,72.46,70.2,1887558798.4,26563250,2021-01-25,2021-01-25 23:59:59
70.9,70.76,71.1,70.22,1058516208.8,14965810,2021-01-26,2021-01-26 23:59:59
70.76,69.88,71.16,69.72,1450719430.2,20642700,2021-01-27,2021-01-27 23:59:59
69.7,71.0,71.1,69.12,2863841493.0,40636230,2021-01-28,2021-01-28 23:59:59
71.0,69.88,71.1,69.72,1129785930.0,16064170,2021-01-29,2021-01-29 23:59:59
70.28,70.34,70.56,69.38,761513391.6,10880520,2021-02-01,2021-02-01 23:59:59
70.46,70.14,71.04,69.74,943423949.0,13370970,2021-02-02,2021-02-02 23:59:59
70.62,70.68,70.92,70.16,856963277.2,12141870,2021-02-03,2021-02-03 23:59:59
70.7,70.56,71.08,70.3,675008321.4,9551450,2021-02-04,2021-02-04 23:59:59
70.7,70.82,71.08,70.38,789684298.0,11157190,2021-02-05,2021-02-05 23:59:59
71.02,71.08,71.46,70.62,1393798527.0,19635580,2021-02-08,2021-02-08 23:59:59
71.12,70.34,71.28,70.0,1438106675.0,20396740,2021-02-09,2021-02-09 23:59:59
70.38,69.18,70.6,68.3,2099912457.2,30236780,2021-02-10,2021-02-10 23:59:59
69.02,68.86,69.46,68.64,804278958.0,11670370,2021-02-11,2021-02-11 23:59:59
68.94,69.28,69.4,68.04,1068693009.0,15544110,2021-02-12,2021-02-12 23:59:59
69.48,69.62,69.8,68.82,1156246860.0,16695320,2021-02-15,2021-02-15 23:59:59
69.78,69.5,69.78,68.82,1253036569.2,18100690,2021-02-16,2021-02-16 23:59:59
69.24,69.18,69.68,68.96,1432939298.8,20701540,2021-02-17,2021-02-17 23:59:59
69.3,68.8,69.4,68.64,998657942.6,14477690,2021-02-18,2021-02-18 23:59:59
68.72,69.02,69.16,68.66,1062969509.8,15412250,2021-02-19,2021-02-19 23:59:59
69.04,69.14,69.28,69.0,197502496.4,2857660,2021-02-20,2021-02-20 23:59:59
69.02,69.2,69.54,68.94,738992695.8,10678660,2021-02-22,2021-02-22 23:59:59
69.12,70.3,71.06,68.8,1947653640.4,27793010,2021-02-24,2021-02-24 23:59:59
70.38,69.44,70.74,69.44,939856127.4,13431680,2021-02-25,2021-02-25 23:59:59
69.4,69.66,70.14,68.9,848728035.6,12189210,2021-02-26,2021-02-26 23:59:59
69.9,69.92,70.4,69.52,780322659.6,11153680,2021-03-01,2021-03-01 23:59:59
69.84,71.1,71.1,69.78,1411088299.8,19930570,2021-03-02,2021-03-02 23:59:59
71.2,70.6,71.7,70.1,1487415942.6,20993850,2021-03-03,2021-03-03 23:59:59
70.6,69.44,70.8,69.2,1019367586.2,14615550,2021-03-04,2021-03-04 23:59:59
69.5,69.28,69.84,68.72,1209088497.8,17474430,2021-03-05,2021-03-05 23:59:59
69.58,69.66,69.9,69.06,981191983.6,14128460,2021-03-09,2021-03-09 23:59:59
69.48,69.86,70.28,69.4,919198192.2,13142030,2021-03-10,2021-03-10 23:59:59
70.1,70.0,70.12,69.4,947180328.8,13586320,2021-03-11,2021-03-11 23:59:59
69.9,69.86,70.1,69.4,815048264.2,11692120,2021-03-12,2021-03-12 23:59:59
70.14,70.82,71.06,69.84,1423842837.0,20166250,2021-03-15,2021-03-15 23:59:59
70.96,70.5,71.54,70.02,1379477553.6,19543350,2021-03-16,2021-03-16 23:59:59
70.48,70.02,70.72,69.28,1194207463.4,17105840,2021-03-17,2021-03-17 23:59:59
69.92,69.18,70.12,68.14,928160369.8,13331820,2021-03-18,2021-03-18 23:59:59
69.48,69.8,70.1,69.06,816074949.8,11709760,2021-03-19,2021-03-19 23:59:59
69.8,69.26,70.0,69.0,678036270.8,9774460,2021-03-22,2021-03-22 23:59:59
69.32,67.72,69.32,67.2,1861097492.0,27352000,2021-03-23,2021-03-23 23:59:59
67.72,65.9,68.0,65.4,2373950482.8,35825540,2021-03-24,2021-03-24 23:59:59
65.94,66.14,66.66,65.2,1309111852.4,19855330,2021-03-25,2021-03-25 23:59:59
66.46,68.0,68.38,66.32,1487770747.0,22063870,2021-03-26,2021-03-26 23:59:59
67.9,67.46,68.28,67.2,964114560.0,14267160,2021-03-29,2021-03-29 23:59:59
67.64,66.84,67.8,66.3,1137861320.4,17049880,2021-03-30,2021-03-30 23:59:59
66.84,67.44,67.7,66.64,933553064.2,13878200,2021-03-31,2021-03-31 23:59:59
67.56,67.16,67.8,66.7,1001281002.6,14927900,2021-04-01,2021-04-01 23:59:59
67.32,67.5,67.5,67.06,437911682.0,6501460,2021-04-02,2021-04-02 23:59:59
67.34,67.32,67.78,67.0,616645587.0,9152720,2021-04-05,2021-04-05 23:59:59
67.3,66.88,67.54,66.56,615762273.4,9184980,2021-04-06,2021-04-06 23:59:59
66.94,67.02,67.32,66.38,508675066.6,7602420,2021-04-07,2021-04-07 23:59:59
67.12,66.8,67.22,66.4,684143854.0,10257330,2021-04-08,2021-04-08 23:59:59
66.94,66.28,66.94,66.12,594206061.6,8953820,2021-04-09,2021-04-09 23:59:59
66.28,66.52,67.2,66.02,700243694.0,10521450,2021-04-12,2021-04-12 23:59:59
66.5,65.76,66.54,65.28,1123724415.0,17081660,2021-04-13,2021-04-13 23:59:59
65.42,65.8,66.16,65.26,1141173113.0,17403270,2021-04-14,2021-04-14 23:59:59
65.52,65.62,65.88,65.0,1531446058.8,23448300,2021-04-15,2021-04-15 23:59:59
65.54,66.48,66.94,65.4,1296908997.4,19582750,2021-04-16,2021-04-16 23:59:59
66.3,65.48,66.5,65.34,1012358437.0,15396340,2021-04-19,2021-04-19 23:59:59
65.58,64.48,65.68,64.0,2297440145.6,35557220,2021-04-20,2021-04-20 23:59:59
64.5,63.6,64.6,63.02,2019251076.4,31764620,2021-04-21,2021-04-21 23:59:59
63.78,64.48,64.62,63.04,1087057063.0,17003210,2021-04-22,2021-04-22 23:59:59
64.3,65.3,65.42,64.28,1136525683.4,17491510,2021-04-23,2021-04-23 23:59:59
65.3,66.04,66.48,64.76,1087358009.4,16520500,2021-04-26,2021-04-26 23:59:59
66.12,65.54,66.32,65.28,757819025.8,11514710,2021-04-27,2021-04-27 23:59:59
65.7,65.0,65.74,64.6,616599608.6,9486780,2021-04-28,2021-04-28 23:59:59
65.02,64.9,65.42,64.54,444747369.4,6847590,2021-04-29,2021-04-29 23:59:59
64.8,64.54,65.08,64.02,534676409.0,8303780,2021-04-30,2021-04-30 23:59:59
64.4,65.18,65.46,64.4,654723907.2,10050080,2021-05-04,2021-05-04 23:59:59
65.3,65.22,65.7,65.0,600634378.4,9201910,2021-05-05,2021-05-05 23:59:59
65.26,65.4,65.58,65.1,397273977.4,6082580,2021-05-06,2021-05-06 23:59:59
65.5,65.64,65.88,65.14,415204605.0,6330320,2021-05-07,2021-05-07 23:59:59
65.98,66.88,67.12,65.82,1100420255.0,16497690,2021-05-10,2021-05-10 23:59:59
66.82,66.32,66.88,65.56,702353616.8,10626730,2021-05-11,2021-05-11 23:59:59
66.4,65.9,66.72,65.74,597617697.8,9033320,2021-05-12,2021-05-12 23:59:59
66.0,66.6,67.08,65.32,952905233.6,14400610,2021-05-13,2021-05-13 23:59:59
66.72,67.32,67.36,66.56,532577819.4,7961040,2021-05-14,2021-05-14 23:59:59
67.5,70.6,71.06,67.5,3765948456.8,53828920,2021-05-17,2021-05-17 23:59:59
70.96,70.92,72.3,70.02,2726630375.8,38200510,2021-05-18,2021-05-18 23:59:59
71.0,69.5,71.46,68.22,1825306262.0,26232800,2021-05-19,2021-05-19 23:59:59
69.7,70.08,70.32,68.68,908552295.8,13036770,2021-05-20,2021-05-20 23:59:59
70.32,70.86,71.36,69.94,1050992605.6,14841660,2021-05-21,2021-05-21 23:59:59
71.36,71.68,72.4,71.12,1372826668.6,19128100,2021-05-24,2021-05-24 23:59:59
71.84,71.34,72.2,70.6,773472170.2,10838080,2021-05-25,2021-05-25 23:59:59
71.52,70.72,71.84,69.88,1029535313.0,14574260,2021-05-26,2021-05-26 23:59:59
70.72,71.12,71.72,70.0,1532439473.6,21616910,2021-05-27,2021-05-27 23:59:59
71.2,69.94,71.3,69.38,1317920674.4,18811710,2021-05-28,2021-05-28 23:59:59
69.92,70.06,70.34,69.82,539752410.4,7704600,2021-05-31,2021-05-31 23:59:59
70.1,71.06,71.36,70.08,1175629526.8,16562770,2021-06-01,2021-06-01 23:59:59
71.1,71.24,71.32,70.42,800270155.8,11290390,2021-06-02,2021-06-02 23:59:59
71.36,71.5,71.82,70.82,928239349.4,12998110,2021-06-03,2021-06-03 23:59:59
71.5,71.44,71.58,70.82,663364203.4,9304980,2021-06-04,2021-06-04 23:59:59
71.44,71.34,71.72,71.0,641914342.4,8994030,2021-06-07,2021-06-07 23:59:59
71.4,71.38,71.48,71.0,447625421.4,6287280,2021-06-08,2021-06-08 23:59:59
71.42,73.72,73.9,71.32,3130759751.4,42789420,2021-06-09,2021-06-09 23:59:59
73.92,73.34,74.6,72.5,2130723280.0,28971570,2021-06-10,2021-06-10 23:59:59
73.62,73.58,74.1,72.92,1217939704.6,16540180,2021-06-11,2021-06-11 23:59:59
73.4,72.28,73.58,72.1,1218012868.6,16769210,2021-06-14,2021-06-14 23:59:59
72.46,71.06,72.46,70.5,1458471560.8,20382770,2021-06-15,2021-06-15 23:59:59
70.66,70.16,71.44,69.7,1684675897.8,23974590,2021-06-16,2021-06-16 23:59:59
69.98,69.9,70.68,69.12,1406520001.4,20158380,2021-06-17,2021-06-17 23:59:59
69.96,71.4,71.82,69.42,1957247622.4,27773800,2021-06-18,2021-06-18 23:59:59
71.5,71.1,72.2,70.5,909916676.0,12781590,2021-06-21,2021-06-21 23:59:59
71.4,71.68,71.9,70.9,678628927.0,9490570,2021-06-22,2021-06-22 23:59:59
71.8,70.58,72.0,70.06,1123177254.4,15883980,2021-06-23,2021-06-23 23:59:59
70.66,69.14,70.66,68.8,1456969991.2,20965900,2021-06-24,2021-06-24 23:59:59
69.16,69.98,70.62,69.16,1066194471.8,15209830,2021-06-25,2021-06-25 23:59:59
69.98,69.32,70.4,69.1,866234884.8,12448580,2021-06-28,2021-06-28 23:59:59
69.2,68.06,69.42,67.38,1509145648.2,22130010,2021-06-29,2021-06-29 23:59:59
68.06,68.6,68.78,67.2,1226359887.8,18053940,2021-06-30,2021-06-30 23:59:59
68.62,68.54,68.8,68.12,446102933.0,6521030,2021-07-01,2021-07-01 23:59:59
68.5,68.58,68.88,68.22,381766987.6,5561310,2021-07-02,2021-07-02 23:59:59
68.6,69.34,69.48,68.6,510590800.4,7382620,2021-07-05,2021-07-05 23:59:59
69.48,68.5,69.68,68.2,635320736.4,9246070,2021-07-06,2021-07-06 23:59:59
68.5,68.34,68.84,68.0,415001292.6,6059380,2021-07-07,2021-07-07 23:59:59
68.2,68.5,68.72,67.56,651010142.6,9565600,2021-07-08,2021-07-08 23:59:59
68.6,68.74,69.14,68.18,565951249.4,8232930,2021-07-09,2021-07-09 23:59:59
68.88,68.84,68.96,68.4,255719664.6,3722960,2021-07-12,2021-07-12 23:59:59
68.9,68.28,69.08,68.18,443734846.2,6482590,2021-07-13,2021-07-13 23:59:59
68.1,68.04,68.36,67.82,547748023.4,8052820,2021-07-14,2021-07-14 23:59:59
68.3,67.76,68.3,67.66,402130761.2,5920870,2021-07-15,2021-07-15 23:59:59
67.76,66.78,67.92,66.6,746024934.6,11127310,2021-07-16,2021-07-16 23:59:59
66.58,66.7,66.72,65.8,743360337.6,11226030,2021-07-19,2021-07-19 23:59:59
66.8,67.68,68.08,66.7,648563588.8,9626110,2021-07-20,2021-07-20 23:59:59
68.0,67.8,68.02,67.22,338708599.2,5017290,2021-07-21,2021-07-21 23:59:59
67.8,67.22,67.8,66.76,495193608.4,7373860,2021-07-22,2021-07-22 23:59:59
67.28,66.94,67.34,66.8,245056357.6,3659230,2021-07-23,2021-07-23 23:59:59
66.54,66.4,67.0,66.02,563388461.4,8491550,2021-07-26,2021-07-26 23:59:59
66.3,66.1,66.48,65.72,417691061.8,6320480,2021-07-27,2021-07-27 23:59:59
66.28,67.44,67.44,66.12,495151958.4,7398420,2021-07-28,2021-07-28 23:59:59
67.4,67.24,67.78,67.04,402807907.6,5974780,2021-07-29,2021-07-29 23:59:59
67.16,67.16,67.62,66.74,411791659.4,6127370,2021-07-30,2021-07-30 23:59:59
67.64,66.78,67.94,66.32,645198572.0,9617140,2021-08-02,2021-08-02 23:59:59
66.94,67.24,67.38,66.64,293677592.2,4385060,2021-08-03,2021-08-03 23:59:59
67.4,66.78,67.46,66.64,356355812.6,5325510,2021-08-04,2021-08-04 23:59:59
66.66,67.32,67.58,66.66,502530128.6,7478060,2021-08-05,2021-08-05 23:59:59
67.32,66.86,67.42,66.72,290395845.0,4335840,2021-08-06,2021-08-06 23:59:59
66.98,66.9,67.26,66.72,331627824.0,4945500,2021-08-09,2021-08-09 23:59:59
67.24,67.04,67.32,66.88,316644948.6,4720650,2021-08-10,2021-08-10 23:59:59
67.16,67.12,67.28,66.92,244177095.2,3638110,2021-08-11,2021-08-11 23:59:59
67.2,67.0,67.3,66.8,256865657.0,3832420,2021-08-12,2021-08-12 23:59:59
67.0,66.8,67.1,66.52,223890890.6,3350370,2021-08-13,2021-08-13 23:59:59
66.72,66.92,66.98,66.4,260210091.8,3898670,2021-08-16,2021-08-16 23:59:59
66.94,67.0,67.34,66.72,294061753.6,4388010,2021-08-17,2021-08-17 23:59:59
67.12,67.92,69.3,67.02,1532906650.0,22364900,2021-08-18,2021-08-18 23:59:59
67.92,67.2,68.0,66.32,909612827.8,13573680,2021-08-19,2021-08-19 23:59:59
67.2,67.14,67.5,67.12,225593671.6,3350550,2021-08-20,2021-08-20 23:59:59
67.3,68.44,68.8,67.3,545217743.2,7988340,2021-08-23,2021-08-23 23:59:59
68.5,68.28,68.72,67.84,377683951.8,5534470,2021-08-24,2021-08-24 23:59:59
68.3,68.22,68.58,68.04,219997883.8,3219750,2021-08-25,2021-08-25 23:59:59
68.26,68.06,68.4,67.68,294786936.6,4332160,2021-08-26,2021-08-26 23:59:59
68.06,68.64,69.12,67.46,519509544.2,7602050,2021-08-27,2021-08-27 23:59:59
68.66,69.28,69.86,68.66,1106191289.6,15948550,2021-08-30,2021-08-30 23:59:59
69.28,69.32,69.78,69.06,661611060.6,9525800,2021-08-31,2021-08-31 23:59:59
69.58,69.48,70.38,69.16,934678911.2,13387050,2021-09-01,2021-09-01 23:59:59
69.48,69.42,69.9,69.12,459947724.8,6611510,2021-09-02,2021-09-02 23:59:59
69.46,69.4,69.98,69.18,438507734.6,6306410,2021-09-03,2021-09-03 23:59:59
69.5,68.8,69.72,68.66,526494605.6,7622380,2021-09-06,2021-09-06 23:59:59
68.76,68.16,69.12,67.88,879568369.4,12865380,2021-09-07,2021-09-07 23:59:59
68.16,67.44,68.16,67.04,851748874.2,12644780,2021-09-08,2021-09-08 23:59:59
67.4,66.74,67.4,66.56,623075480.2,9324500,2021-09-09,2021-09-09 23:59:59
66.5,66.98,67.5,66.5,390791925.8,5823810,2021-09-10,2021-09-10 23:59:59
67.12,67.38,67.58,66.96,355908419.2,5288970,2021-09-13,2021-09-13 23:59:59
67.6,66.98,67.64,66.92,326617642.2,4869720,2021-09-14,2021-09-14 23:59:59
66.9,67.02,67.16,66.66,374744846.6,5596900,2021-09-15,2021-09-15 23:59:59
67.2,66.64,67.2,66.28,567399251.4,8494280,2021-09-16,2021-09-16 23:59:59
66.7,66.8,67.08,66.62,358262575.0,5362260,2021-09-17,2021-09-17 23:59:59
66.8,66.16,66.84,65.84,437403773.6,6602330,2021-09-20,2021-09-20 23:59:59
66.22,67.12,67.18,66.2,528520276.0,7910180,2021-09-21,2021-09-21 23:59:59
67.34,67.28,67.5,66.62,451876344.4,6741160,2021-09-22,2021-09-22 23:59:59
67.48,67.1,67.48,66.74,389130715.0,5808550,2021-09-23,2021-09-23 23:59:59
67.02,69.1,69.36,66.84,1582561408.6,23180410,2021-09-24,2021-09-24 23:59:59
69.1,70.4,71.44,68.32,2142402991.8,30605980,2021-09-27,2021-09-27 23:59:59
70.5,69.12,70.74,68.2,1128423615.6,16247900,2021-09-28,2021-09-28 23:59:59
68.9,69.9,72.0,68.8,1481005022.8,21019830,2021-09-29,2021-09-29 23:59:59
70.12,69.96,71.8,69.3,1248184833.0,17756590,2021-09-30,2021-09-30 23:59:59
69.9,70.0,70.98,69.06,721795008.0,10304320,2021-10-01,2021-10-01 23:59:59
70.38,69.22,70.38,69.02,604863069.0,8685760,2021-10-04,2021-10-04 23:59:59
69.22,69.86,70.06,69.04,634280013.8,9100880,2021-10-05,2021-10-05 23:59:59
70.0,70.64,71.5,69.16,1528088900.0,21657530,2021-10-06,2021-10-06 23:59:59
71.0,71.06,71.78,70.64,1020294913.2,14335810,2021-10-07,2021-10-07 23:59:59
71.58,70.98,72.04,70.46,1007854585.8,14114530,2021-10-08,2021-10-08 23:59:59
71.0,70.36,71.2,70.22,414019324.0,5865680,2021-10-11,2021-10-11 23:59:59
70.18,70.7,70.88,70.02,371718653.4,5273290,2021-10-12,2021-10-12 23:59:59
70.46,70.22,70.8,69.78,505300409.4,7190890,2021-10-13,2021-10-13 23:59:59
70.22,70.08,70.38,69.8,457044135.6,6520250,2021-10-14,2021-10-14 23:59:59
70.08,69.68,70.26,69.5,344915329.4,4943460,2021-10-15,2021-10-15 23:59:59
69.6,69.76,70.1,69.34,399237333.6,5729730,2021-10-18,2021-10-18 23:59:59
69.82,69.26,69.98,69.02,450221281.0,6481380,2021-10-19,2021-10-19 23:59:59
69.04,68.58,69.24,68.2,486179163.4,7080190,2021-10-20,2021-10-20 23:59:59
68.5,67.64,69.16,67.12,789227342.8,11607690,2021-10-21,2021-10-21 23:59:59
67.7,67.9,68.32,67.66,418067630.2,6149140,2021-10-22,2021-10-22 23:59:59
67.12,67.84,68.5,67.12,339356276.8,5002430,2021-10-25,2021-10-25 23:59:59
67.86,67.52,68.0,67.5,250621921.8,3699440,2021-10-26,2021-10-26 23:59:59
67.5,68.94,68.94,67.16,545136428.6,8008840,2021-10-27,2021-10-27 23:59:59
68.6,68.18,69.38,67.56,687022226.2,10050670,2021-10-28,2021-10-28 23:59:59
68.14,68.48,69.34,67.74,760281416.4,11077830,2021-10-29,2021-10-29 23:59:59
68.48,67.98,68.82,67.72,387009019.0,5686070,2021-11-01,2021-11-01 23:59:59
68.0,67.64,68.34,67.3,371966301.0,5492950,2021-11-02,2021-11-02 23:59:59
67.54,67.92,68.16,67.14,293981673.6,4336210,2021-11-03,2021-11-03 23:59:59
67.9,68.42,68.5,67.82,310804931.4,4560080,2021-11-05,2021-11-05 23:59:59
68.48,68.8,69.4,68.48,562643079.4,8149840,2021-11-08,2021-11-08 23:59:59
68.88,68.6,69.18,68.32,397289219.4,5777120,2021-11-09,2021-11-09 23:59:59
68.98,67.84,68.98,67.66,525452667.2,7705830,2021-11-10,2021-11-10 23:59:59
67.2,67.08,67.38,66.28,1555974338.4,23281400,2021-11-11,2021-11-11 23:59:59
67.0,65.98,67.44,65.1,1289531701.6,19532910,2021-11-12,2021-11-12 23:59:59
66.0,67.68,67.78,66.0,961217555.6,14305790,2021-11-15,2021-11-15 23:59:59
67.8,67.1,68.06,66.92,421986601.4,6266490,2021-11-16,2021-11-16 23:59:59
67.32,66.92,67.4,66.6,326825756.2,4873160,2021-11-17,2021-11-17 23:59:59
67.0,67.14,67.54,66.74,496304391.2,7376740,2021-11-18,2021-11-18 23:59:59
67.2,66.04,67.42,65.22,787888363.0,11912650,2021-11-19,2021-11-19 23:59:59
66.2,65.2,66.52,64.86,910082432.6,13919440,2021-11-22,2021-11-22 23:59:59
65.2,64.72,65.2,63.16,1511028520.0,23624410,2021-11-23,2021-11-23 23:59:59
64.78,64.22,65.1,64.1,457466553.2,7095460,2021-11-24,2021-11-24 23:59:59
64.5,64.7,64.78,64.2,313893218.2,4864940,2021-11-25,2021-11-25 23:59:59
63.5,60.98,63.66,59.88,1969058615.8,31806620,2021-11-26,2021-11-26 23:59:59
61.8,61.1,62.48,60.84,980283430.6,15893990,2021-11-29,2021-11-29 23:59:59
60.44,60.32,61.28,59.22,1166890039.2,19411600,2021-11-30,2021-11-30 23:59:59
60.58,62.0,63.2,60.58,965697922.2,15514390,2021-12-01,2021-12-01 23:59:59
62.04,62.84,64.76,61.24,1195932636.0,19029500,2021-12-02,2021-12-02 23:59:59
63.2,62.26,63.42,61.78,443001467.2,7084360,2021-12-03,2021-12-03 23:59:59
62.26,61.08,62.96,60.2,668947315.0,10929070,2021-12-06,2021-12-06 23:59:59
61.0,62.4,62.94,60.78,540393730.6,8728840,2021-12-07,2021-12-07 23:59:59
62.3,61.64,63.18,60.98,545832705.0,8793210,2021-12-08,2021-12-08 23:59:59
61.96,61.04,62.02,60.8,469388053.8,7654830,2021-12-09,2021-12-09 23:59:59
60.94,60.2,61.28,59.82,645296314.4,10691100,2021-12-10,2021-12-10 23:59:59
60.44,60.02,60.9,58.84,1126136949.0,18847460,2021-12-13,2021-12-13 23:59:59
59.8,59.5,59.96,58.0,1320363171.0,22351310,2021-12-14,2021-12-14 23:59:59
59.5,59.36,59.78,58.66,582860642.4,9868560,2021-12-15,2021-12-15 23:59:59
59.4,60.16,60.56,58.92,772013580.6,12853730,2021-12-16,2021-12-16 23:59:59
60.16,60.04,60.32,59.52,438964600.2,7333180,2021-12-17,2021-12-17 23:59:59
59.86,59.02,59.86,58.5,625990800.8,10622730,2021-12-20,2021-12-20 23:59:59
59.04,59.68,59.96,58.82,490442506.0,8264740,2021-12-21,2021-12-21 23:59:59
59.68,59.18,59.84,58.94,492685252.2,8314530,2021-12-22,2021-12-22 23:59:59
59.32,59.2,59.44,58.66,465143528.6,7882720,2021-12-23,2021-12-23 23:59:59
59.3,58.96,59.4,58.64,411356025.6,6986010,2021-12-24,2021-12-24 23:59:59
59.04,59.08,59.18,58.82,475816175.8,8069860,2021-12-27,2021-12-27 23:59:59
59.08,58.92,59.42,58.72,629192805.6,10648450,2021-12-28,2021-12-28 23:59:59
58.94,58.98,59.12,58.56,313392179.8,5321180,2021-12-29,2021-12-29 23:59:59
59.02,59.16,59.24,58.74,266589928.6,4522280,2021-12-30,2021-12-30 23:59:59
59.16,60.7,60.9,59.1,554791584.6,9208620,2022-01-03,2022-01-03 23:59:59
60.92,63.3,63.36,60.38,1129608156.4,18181380,2022-01-04,2022-01-04 23:59:59
63.3,60.98,63.5,60.8,827391455.0,13310180,2022-01-05,2022-01-05 23:59:59
60.72,62.96,63.0,60.44,726576746.4,11687460,2022-01-06,2022-01-06 23:59:59
62.98,63.02,63.9,62.52,519696814.8,8231680,2022-01-10,2022-01-10 23:59:59
63.22,63.2,63.58,62.9,326519398.0,5161550,2022-01-11,2022-01-11 23:59:59
63.34,62.44,63.4,62.12,502876357.2,8043870,2022-01-12,2022-01-12 23:59:59
62.26,60.16,62.46,59.26,1327852951.0,21967740,2022-01-13,2022-01-13 23:59:59
60.26,59.86,60.86,58.7,1443481740.4,24270860,2022-01-14,2022-01-14 23:59:59
60.0,58.98,60.28,58.28,754531133.0,12757690,2022-01-17,2022-01-17 23:59:59
59.24,55.46,59.24,53.8,2575934529.6,46003100,2022-01-18,2022-01-18 23:59:59
55.62,56.62,57.48,51.68,2629766679.8,47858410,2022-01-19,2022-01-19 23:59:59
56.98,57.2,58.12,55.18,1260612177.4,22121340,2022-01-20,2022-01-20 23:59:59
56.7,56.56,57.96,55.2,999070762.8,17608310,2022-01-21,2022-01-21 23:59:59
56.0,52.22,57.2,50.04,2807500398.4,53703310,2022-01-24,2022-01-24 23:59:59
52.02,52.4,53.0,51.04,1129406127.0,21754600,2022-01-25,2022-01-25 23:59:59
52.1,52.64,54.34,51.48,1147416432.6,21571290,2022-01-26,2022-01-26 23:59:59
52.5,55.02,55.78,52.08,1503113344.2,27520720,2022-01-27,2022-01-27 23:59:59
55.36,55.54,56.3,53.64,1114250265.8,20309320,2022-01-28,2022-01-28 23:59:59
55.54,57.32,57.6,55.48,840203866.0,14780460,2022-01-31,2022-01-31 23:59:59
57.32,57.12,57.86,56.32,596790688.0,10456640,2022-02-01,2022-02-01 23:59:59
57.0,57.2,58.48,56.54,893383141.2,15549340,2022-02-02,2022-02-02 23:59:59
56.9,55.7,57.16,55.04,802989935.2,14388910,2022-02-03,2022-02-03 23:59:59
55.82,56.18,56.9,55.52,578015917.2,10264530,2022-02-04,2022-02-04 23:59:59
56.34,56.18,56.78,55.74,260580640.8,4640010,2022-02-07,2022-02-07 23:59:59
56.36,57.18,57.3,55.98,511377154.4,9044360,2022-02-08,2022-02-08 23:59:59
57.42,59.2,59.5,57.16,1262831645.4,21809660,2022-02-09,2022-02-09 23:59:59
59.1,59.76,61.78,58.38,1896731740.0,31466590,2022-02-10,2022-02-10 23:59:59
59.98,58.3,60.76,57.6,1523558883.4,26056940,2022-02-11,2022-02-11 23:59:59
57.52,57.3,58.26,56.14,1201604709.0,20992410,2022-02-14,2022-02-14 23:59:59
57.2,59.42,59.74,57.2,908900084.2,15538110,2022-02-15,2022-02-15 23:59:59
59.58,60.42,60.84,59.3,744218710.4,12332550,2022-02-16,2022-02-16 23:59:59
60.42,58.08,60.66,57.6,916326024.8,15611060,2022-02-17,2022-02-17 23:59:59
58.18,55.7,58.98,55.2,1059700144.6,18622690,2022-02-18,2022-02-18 23:59:59
55.7,46.6,56.88,42.14,4310946030.6,87959930,2022-02-21,2022-02-21 23:59:59
46.5,49.52,50.16,43.4,2564039332.8,54277860,2022-02-22,2022-02-22 23:59:59
44.5,35.7,45.08,29.06,2365034319.6,67096170,2022-02-24,2022-02-24 23:59:59
35.5,36.74,39.6,34.26,1005428739.8,27283940,2022-02-25,2022-02-25 23:59:59
33.08,30.7,36.0,29.18,988008168.4,30152040,2022-03-24,2022-03-24 23:59:59
27.64,25.1,30.4,25.1,1114851890.8,41384740,2022-03-25,2022-03-25 23:59:59
25.76,25.86,27.3,23.72,471670567.8,18127220,2022-03-28,2022-03-28 23:59:59
26.04,30.1,33.66,25.88,1159029192.8,38723760,2022-03-29,2022-03-29 23:59:59
31.14,37.54,37.54,31.06,1334699908.6,39951450,2022-03-30,2022-03-30 23:59:59
39.5,37.74,39.88,35.28,1539353930.4,41356500,2022-03-31,2022-03-31 23:59:59
38.26,38.8,40.0,37.1,1098688384.4,28411480,2022-04-01,2022-04-01 23:59:59
39.52,40.9,42.66,37.6,1993113379.2,49655530,2022-04-04,2022-04-04 23:59:59
41.54,37.76,41.54,35.5,877269696.0,22618790,2022-04-05,2022-04-05 23:59:59
37.4,37.18,38.52,36.08,361396217.6,9609820,2022-04-06,2022-04-06 23:59:59
37.18,37.58,39.2,37.04,327572175.0,8630270,2022-04-07,2022-04-07 23:59:59
37.88,36.94,37.88,36.18,225617019.2,6094570,2022-04-08,2022-04-08 23:59:59
36.92,35.46,37.22,35.36,356909362.0,9946700,2022-04-11,2022-04-11 23:59:59
35.46,34.06,35.6,32.4,307809288.2,9114770,2022-04-12,2022-04-12 23:59:59
33.9,33.86,34.76,33.52,158743104.0,4674820,2022-04-13,2022-04-13 23:59:59
34.1,32.74,34.28,32.66,150731702.2,4522100,2022-04-14,2022-04-14 23:59:59
33.98,32.96,33.98,32.2,184062092.4,5637130,2022-04-15,2022-04-15 23:59:59
33.0,31.32,33.6,31.3,141731591.8,4420130,2022-04-18,2022-04-18 23:59:59
31.5,30.52,31.6,27.94,355338258.6,11864720,2022-04-19,2022-04-19 23:59:59
30.48,32.5,34.0,29.8,539761210.8,17019020,2022-04-20,2022-04-20 23:59:59
32.26,31.12,33.44,31.12,318595773.00000024,9866430,2022-04-21,2022-04-21 23:59:59
31.06,30.62,31.98,30.12,182503881.0,5909350,2022-04-22,2022-04-22 23:59:59
30.5,29.02,30.6,28.66,193812542.8,6583500,2022-04-25,2022-04-25 23:59:59
29.2,30.18,30.76,29.08,208768908.4,6907110,2022-04-26,2022-04-26 23:59:59
30.3,32.4,33.14,30.22,359609227.6,11293180,2022-04-27,2022-04-27 23:59:59
32.94,30.8,34.2,30.76,476837984.2,14648780,2022-04-28,2022-04-28 23:59:59
30.84,31.14,31.74,30.3,236918797.0,7661170,2022-04-29,2022-04-29 23:59:59
32.12,31.2,32.68,31.04,361131610.4,11381310,2022-05-04,2022-05-04 23:59:59
31.26,30.7,31.74,30.4,205746166.6,6641010,2022-05-05,2022-05-05 23:59:59
30.8,30.1,30.8,30.04,92753846.8,3061640,2022-05-06,2022-05-06 23:59:59
30.0,29.92,30.54,29.62,115026241.4,3834810,2022-05-11,2022-05-11 23:59:59
29.92,29.32,30.02,29.14,93271317.8,3159540,2022-05-12,2022-05-12 23:59:59
29.5,29.26,29.82,29.08,86232223.4,2945310,2022-05-13,2022-05-13 23:59:59
29.28,29.52,29.7,29.0,111011182.6,3773510,2022-05-16,2022-05-16 23:59:59
29.62,30.36,31.3,29.6,309274729.4,10171350,2022-05-17,2022-05-17 23:59:59
30.36,30.06,30.9,29.52,305603492.2,10053680,2022-05-18,2022-05-18 23:59:59
30.06,29.56,30.22,29.2,156323028.79999992,5273230,2022-05-19,2022-05-19 23:59:57
29.56,29.32,29.98,29.14,111267735.8,3784240,2022-05-20,2022-05-20 23:59:59
29.4,28.4,29.6,28.34,113279476.2,3927440,2022-05-23,2022-05-23 23:59:59
28.4,28.6,29.42,27.64,232532094.8,8203220,2022-05-24,2022-05-24 23:59:59
28.7,28.5,29.08,28.14,92558405.2,3249890,2022-05-25,2022-05-25 23:59:59
28.84,29.4,29.48,28.56,249126436.0,8588820,2022-05-26,2022-05-26 23:59:59
29.52,28.54,30.0,27.6,257963186.4,8904230,2022-05-27,2022-05-27 23:59:59
28.74,28.58,29.2,28.42,99294072.6,3454080,2022-05-30,2022-05-30 23:59:59
28.88,28.0,28.88,28.0,70071117.6,2482920,2022-05-31,2022-05-31 23:59:59
28.0,27.94,28.44,27.68,168602647.8,6010300,2022-06-01,2022-06-01 23:59:59
27.94,26.98,28.02,26.92,167950388.0,6146470,2022-06-02,2022-06-02 23:59:59
26.8,26.74,27.16,25.7,254511677.2,9640440,2022-06-03,2022-06-03 23:59:59
26.74,25.92,27.0,25.8,166411975.6,6371250,2022-06-06,2022-06-06 23:59:59
25.9,27.2,28.0,25.24,497833277.2,18667200,2022-06-07,2022-06-07 23:59:59
27.54,27.14,28.3,26.82,496444364.2,17949530,2022-06-08,2022-06-08 23:59:59
27.2,26.36,27.3,26.1,160424023.6,6057320,2022-06-09,2022-06-09 23:59:59
26.36,26.3,26.58,26.1,78170040.2,2965990,2022-06-10,2022-06-10 23:59:59
26.3,25.96,26.7,25.86,131441073.2,5026040,2022-06-14,2022-06-14 23:59:59
25.94,25.94,26.28,25.86,128357415.6,4927080,2022-06-15,2022-06-15 23:59:59
25.96,26.86,27.18,25.94,293346709.2,10988540,2022-06-16,2022-06-16 23:59:59
27.06,27.52,28.0,26.9,403428926.4,14701220,2022-06-17,2022-06-17 23:59:59
27.6,28.14,28.2,27.46,251256661.0,8997500,2022-06-20,2022-06-20 23:59:59
28.24,26.88,28.58,26.74,436702743.6,15909220,2022-06-21,2022-06-21 23:59:59
26.8,26.76,27.08,26.24,174209946.6,6516410,2022-06-22,2022-06-22 23:59:59
26.8,26.92,27.2,26.44,175194748.0,6511900,2022-06-23,2022-06-23 23:59:59
26.96,26.82,27.16,26.8,111712131.4,4151620,2022-06-24,2022-06-24 23:59:59
26.8,27.9,27.9,26.6,297327779.6,10837420,2022-06-27,2022-06-27 23:59:59
28.0,28.78,29.3,27.82,558450133.6,19476830,2022-06-28,2022-06-28 23:59:59
29.1,27.8,29.48,27.8,333931958.5999999,11703430,2022-06-29,2022-06-29 23:59:57
28.0,26.68,28.42,26.12,345352146.6,12857310,2022-06-30,2022-06-30 23:59:59
26.6,26.74,27.6,26.02,135396783.4,5024590,2022-07-01,2022-07-01 23:59:59
26.8,27.12,27.3,26.54,109467642.6,4064180,2022-07-04,2022-07-04 23:59:59
27.0,28.26,28.48,26.76,181704169.8,6616650,2022-07-05,2022-07-05 23:59:59
28.16,27.34,28.48,27.2,218575765.2,7856010,2022-07-06,2022-07-06 23:59:59
27.48,27.78,28.08,27.26,227550993.4,8173990,2022-07-07,2022-07-07 23:59:59
28.0,27.6,28.06,27.42,124128981.4,4481920,2022-07-08,2022-07-08 23:59:59
27.64,27.7,27.9,27.12,120307396.6,4360820,2022-07-11,2022-07-11 23:59:59
27.6,27.3,27.78,27.14,103752083.0,3789510,2022-07-12,2022-07-12 23:59:59
27.54,26.68,27.54,26.4,170515683.6,6330230,2022-07-13,2022-07-13 23:59:59
26.68,26.86,27.38,26.6,115760935.8,4294530,2022-07-14,2022-07-14 23:59:59
27.14,27.06,27.16,26.72,75692730.0,2806080,2022-07-15,2022-07-15 23:59:59
27.12,27.08,27.32,26.98,61483453.0,2265050,2022-07-18,2022-07-18 23:59:59
27.08,26.68,27.12,26.42,118153509.4,4432180,2022-07-19,2022-07-19 23:59:59
26.7,26.6,26.96,26.56,69157695.6,2588300,2022-07-20,2022-07-20 23:59:59
26.8,27.58,28.14,26.14,443508533.2,16177580,2022-07-21,2022-07-21 23:59:59
27.7,27.3,28.46,27.3,327868589.2,11744230,2022-07-22,2022-07-22 23:59:59
27.66,27.82,28.38,27.0,396731097.4,14222690,2022-07-25,2022-07-25 23:59:59
27.88,27.94,28.16,27.68,175239305.0,6291460,2022-07-26,2022-07-26 23:59:59
28.1,27.76,28.36,27.42,330256449.4,11835940,2022-07-27,2022-07-27 23:59:59
27.94,27.7,28.18,27.1,305845815.2,11107850,2022-07-28,2022-07-28 23:59:59
27.78,27.7,27.98,27.54,119206349.8,4299570,2022-07-29,2022-07-29 23:59:59
27.8,27.44,27.8,27.42,72520372.60000001,2633470,2022-08-01,2022-08-01 23:59:58
27.54,26.92,27.54,26.52,230779310.8,8579530,2022-08-02,2022-08-02 23:59:59
26.9,26.96,27.2,26.74,114985357.4,4261670,2022-08-03,2022-08-03 23:59:59
26.98,26.62,27.0,26.5,84543195.6,3163810,2022-08-04,2022-08-04 23:59:59
26.64,26.16,26.72,25.86,143956214.6,5469410,2022-08-05,2022-08-05 23:59:59
26.6,26.84,27.12,26.3,234977001.2,8777360,2022-08-08,2022-08-08 23:59:59
27.1,27.0,27.18,26.4,193738918.0,7247030,2022-08-09,2022-08-09 23:59:59
27.1,27.06,27.42,26.84,131330309.6,4837690,2022-08-10,2022-08-10 23:59:59
27.2,27.0,27.48,26.76,124938176.6,4593960,2022-08-11,2022-08-11 23:59:59
27.1,27.14,27.3,26.86,79858613.0,2949190,2022-08-12,2022-08-12 23:59:59
27.18,27.22,27.44,27.02,65362723.0,2400450,2022-08-15,2022-08-15 23:59:59
27.28,27.08,27.36,26.94,104598573.8,3848810,2022-08-16,2022-08-16 23:59:59
27.2,27.02,27.24,27.0,65236593.8,2407670,2022-08-17,2022-08-17 23:59:59
27.02,27.0,27.1,26.8,59984398.6,2225210,2022-08-18,2022-08-18 23:59:59
27.0,26.88,27.02,26.8,44006363.0,1638750,2022-08-19,2022-08-19 23:59:59
27.0,27.0,27.08,26.88,70209991.4,2602310,2022-08-22,2022-08-22 23:59:59
27.06,27.18,27.22,26.96,133374843.0,4923360,2022-08-23,2022-08-23 23:59:59
27.1,27.4,27.6,27.1,139609768.2,5097250,2022-08-24,2022-08-24 23:59:59
27.5,27.18,27.5,27.14,60820234.0,2225980,2022-08-25,2022-08-25 23:59:59
27.28,28.24,28.36,27.02,558563876.6,20013260,2022-08-26,2022-08-26 23:59:59
28.4,29.4,29.7,28.18,876457152.8,30108680,2022-08-29,2022-08-29 23:59:59
29.5,28.74,29.68,28.56,403536168.4,13871550,2022-08-30,2022-08-30 23:59:59
28.74,28.9,29.16,28.3,294445619.0,10230680,2022-08-31,2022-08-31 23:59:59
28.9,28.84,29.38,28.7,199002741.6,6853650,2022-09-01,2022-09-01 23:59:59
28.86,30.96,31.1,28.58,1014352013.2,33598730,2022-09-02,2022-09-02 23:59:59
31.1,30.64,31.26,30.02,522710585.6,17103810,2022-09-05,2022-09-05 23:59:59
30.68,30.0,30.7,29.18,359149047.2,11970670,2022-09-06,2022-09-06 23:59:59
32.02,30.92,32.22,30.7,1173717569.8,37596680,2022-09-07,2022-09-07 23:59:59
30.92,30.48,31.14,30.26,250643116.2,8150470,2022-09-08,2022-09-08 23:59:59
30.58,30.6,30.82,30.38,123164921.6,4027050,2022-09-09,2022-09-09 23:59:59
30.52,30.66,31.04,30.32,166046311.8,5399500,2022-09-12,2022-09-12 23:59:59
30.7,29.88,31.0,29.12,545661506.8,18236930,2022-09-13,2022-09-13 23:59:59
29.88,29.38,29.88,28.76,306722866.2,10474760,2022-09-14,2022-09-14 23:59:59
29.48,29.38,29.54,29.06,150459211.8,5134990,2022-09-15,2022-09-15 23:59:59
29.38,29.18,29.8,29.1,162768977.6,5532560,2022-09-16,2022-09-16 23:59:59
29.12,28.96,29.38,28.82,99354884.4,3419510,2022-09-19,2022-09-19 23:59:59
28.98,27.46,29.08,25.32,788481584.2,28890600,2022-09-20,2022-09-20 23:59:59
25.26,26.22,26.84,25.16,349641833.8,13365410,2022-09-21,2022-09-21 23:59:59
26.46,26.86,27.04,26.24,194445176.2,7287590,2022-09-22,2022-09-22 23:59:59
26.8,26.08,26.8,24.78,410002265.4,15993680,2022-09-23,2022-09-23 23:59:59
25.6,22.64,25.78,21.6,627047578.4,26588800,2022-09-26,2022-09-26 23:59:59
22.9,23.38,23.56,21.92,249554428.4,10929530,2022-09-27,2022-09-27 23:59:59
23.38,23.36,24.0,22.92,185538548.6,7906530,2022-09-28,2022-09-28 23:59:59
23.34,22.7,23.6,22.3,158067916.4,6937020,2022-09-29,2022-09-29 23:59:59
22.76,23.14,23.46,21.82,333966623.8,14779520,2022-09-30,2022-09-30 23:59:59
23.26,24.02,24.24,23.18,233160436.4,9801900,2022-10-03,2022-10-03 23:59:59
24.26,23.36,24.44,23.06,216471225.4,9178300,2022-10-04,2022-10-04 23:59:59
23.44,23.6,23.78,22.5,165770700.8,7167190,2022-10-05,2022-10-05 23:59:59
23.66,23.36,23.7,23.22,112560269.8,4801820,2022-10-06,2022-10-06 23:59:59
23.46,22.44,23.46,22.2,118129677.4,5158040,2022-10-07,2022-10-07 23:59:59
21.9,23.2,23.28,21.44,164439848.0,7224260,2022-10-10,2022-10-10 23:59:59
23.48,23.46,23.54,23.02,67462772.4,2889720,2022-10-11,2022-10-11 23:59:59
23.48,23.44,23.9,23.22,114834516.6,4868110,2022-10-12,2022-10-12 23:59:59
23.52,23.54,23.74,23.2,90177036.2,3846830,2022-10-13,2022-10-13 23:59:59
23.6,23.48,23.6,23.26,45773659.6,1955090,2022-10-14,2022-10-14 23:59:59
23.48,24.22,24.36,23.4,131219645.6,5464350,2022-10-17,2022-10-17 23:59:59
24.32,23.78,24.42,23.6,172944583.6,7190370,2022-10-18,2022-10-18 23:59:59
23.78,23.82,23.96,23.42,85451245.0,3613890,2022-10-19,2022-10-19 23:59:59
23.96,23.84,24.16,23.62,98397307.2,4117150,2022-10-20,2022-10-20 23:59:59
23.8,24.42,24.48,23.64,129440740.8,5388540,2022-10-21,2022-10-21 23:59:59
24.5,24.5,25.0,24.4,157939551.8,6398060,2022-10-24,2022-10-24 23:59:59
24.78,25.16,25.28,24.44,129010245.6,5172910,2022-10-25,2022-10-25 23:59:59
25.18,25.1,25.28,24.8,109647300.8,4380960,2022-10-26,2022-10-26 23:59:59
25.22,25.56,25.88,25.12,186273726.4,7292770,2022-10-27,2022-10-27 23:59:59
25.64,25.52,25.64,24.98,167192994.8,6602480,2022-10-28,2022-10-28 23:59:59
25.62,25.36,25.84,25.22,148440099.6,5789980,2022-10-31,2022-10-31 23:59:59
25.5,26.08,26.3,25.38,169644655.4,6548690,2022-11-01,2022-11-01 23:59:59
26.1,25.74,26.22,25.54,109609711.2,4232330,2022-11-02,2022-11-02 23:59:59
25.8,25.64,25.8,25.04,102838665.6,4046950,2022-11-03,2022-11-03 23:59:59
25.84,26.24,26.34,25.76,124769906.2,4787920,2022-11-07,2022-11-07 23:59:59
26.28,25.64,26.28,25.54,175331966.0,6768170,2022-11-08,2022-11-08 23:59:59
25.66,24.96,25.78,24.5,153622711.2,6076310,2022-11-09,2022-11-09 23:59:59
25.1,25.58,25.62,24.96,158629043.0,6254380,2022-11-10,2022-11-10 23:59:59
25.7,25.62,25.76,25.38,82157121.6,3219200,2022-11-11,2022-11-11 23:59:59
25.8,25.58,25.8,25.24,175042235.0,6852130,2022-11-14,2022-11-14 23:59:59
25.66,24.7,25.68,23.88,237647230.8,9558830,2022-11-15,2022-11-15 23:59:59
24.72,25.1,25.24,24.72,125943089.0,5035330,2022-11-16,2022-11-16 23:59:59
25.16,25.06,25.22,24.84,64655111.2,2579610,2022-11-17,2022-11-17 23:59:59
25.0,25.16,25.18,24.84,46706412.0,1870320,2022-11-18,2022-11-18 23:59:59
25.16,25.0,25.2,24.72,104012765.6,4171490,2022-11-21,2022-11-21 23:59:59
24.98,25.06,25.1,24.8,64535503.0,2583520,2022-11-22,2022-11-22 23:59:59
24.92,25.24,25.46,24.86,88981654.0,3532300,2022-11-23,2022-11-23 23:59:59
25.24,25.18,25.32,25.1,42373588.4,1680570,2022-11-24,2022-11-24 23:59:59
25.08,24.98,25.2,24.88,58129870.0,2325250,2022-11-25,2022-11-25 23:59:59
24.88,24.96,25.08,24.78,57196900.2,2298530,2022-11-28,2022-11-28 23:59:59
25.0,25.0,25.04,24.72,61484560.8,2468080,2022-11-29,2022-11-29 23:59:59
25.04,25.02,25.04,24.74,81337197.6,3270960,2022-11-30,2022-11-30 23:59:59
25.0,24.82,25.02,24.76,60353557.2,2428260,2022-12-01,2022-12-01 23:59:59
24.84,24.82,24.88,24.56,66252918.8,2679370,2022-12-02,2022-12-02 23:59:59
24.78,24.92,25.28,24.62,142661475.0,5702490,2022-12-05,2022-12-05 23:59:59
24.96,24.86,24.96,24.52,95588988.6,3866070,2022-12-06,2022-12-06 23:59:59
24.62,24.92,25.02,24.5,91887839.6,3708870,2022-12-07,2022-12-07 23:59:59
24.96,24.76,25.02,24.72,55115510.8,2221300,2022-12-08,2022-12-08 23:59:59
24.76,24.7,24.8,24.6,58259294.2,2359420,2022-12-09,2022-12-09 23:59:59
24.7,24.76,24.8,24.6,43549261.2,1763520,2022-12-12,2022-12-12 23:59:59
24.76,24.6,24.78,24.52,69201993.6,2806510,2022-12-13,2022-12-13 23:59:59
24.6,24.44,24.62,24.12,83502095.2,3426260,2022-12-14,2022-12-14 23:59:59
24.5,24.08,24.5,23.84,69331579.2,2865150,2022-12-15,2022-12-15 23:59:59
24.24,24.24,24.34,24.0,57026815.4,2360190,2022-12-16,2022-12-16 23:59:59
24.18,23.94,24.2,23.8,86902993.2,3621480,2022-12-19,2022-12-19 23:59:59
23.92,24.12,24.16,23.7,143531464.0,6023040,2022-12-20,2022-12-20 23:59:59
24.12,24.06,24.24,24.0,91915765.0,3816940,2022-12-21,2022-12-21 23:59:59
24.12,24.18,24.26,23.9,72986023.4,3024050,2022-12-22,2022-12-22 23:59:59
24.16,24.22,24.5,24.04,128689776.0,5296600,2022-12-23,2022-12-23 23:59:59
24.28,24.46,24.6,24.26,99438788.6,4070000,2022-12-26,2022-12-26 23:59:59
24.46,24.32,24.5,24.24,85720284.4,3517410,2022-12-27,2022-12-27 23:59:59
24.44,24.18,24.64,24.12,163818301.2,6730060,2022-12-28,2022-12-28 23:59:59
24.28,24.56,24.58,24.14,100167681.2,4094470,2022-12-29,2022-12-29 23:59:59
24.6,24.6,24.72,24.44,69927673.6,2846610,2022-12-30,2022-12-30 23:59:59
24.74,24.64,24.8,24.6,48054908.4,1945760,2023-01-03,2023-01-03 23:59:59
24.64,25.04,25.08,24.62,76508372.0,3071600,2023-01-04,2023-01-04 23:59:59
25.02,25.6,25.9,25.0,289017579.2,11309040,2023-01-05,2023-01-05 23:59:59
25.7,25.46,25.7,25.3,102279961.0,4009450,2023-01-06,2023-01-06 23:59:59
25.5,26.08,26.28,25.5,285283178.4,10996420,2023-01-09,2023-01-09 23:59:59
26.08,26.72,26.88,25.8,376721030.8,14265710,2023-01-10,2023-01-10 23:59:59
26.8,27.68,27.9,26.72,564354912.0,20633050,2023-01-11,2023-01-11 23:59:59
27.74,27.52,27.92,27.16,343613720.4,12463500,2023-01-12,2023-01-12 23:59:59
27.52,27.68,28.18,27.26,274218234.0,9939670,2023-01-13,2023-01-13 23:59:59
27.8,28.78,28.96,27.7,583575775.4,20464250,2023-01-16,2023-01-16 23:59:59
28.84,27.44,29.12,27.22,723107004.2,25779550,2023-01-17,2023-01-17 23:59:59
27.46,27.56,27.98,27.16,326812626.4,11822140,2023-01-18,2023-01-18 23:59:59
27.5,27.48,27.62,26.7,470997281.0,17308700,2023-01-19,2023-01-19 23:59:59
27.48,27.8,27.9,27.04,220273678.6,8036120,2023-01-20,2023-01-20 23:59:59
27.86,27.8,28.14,27.7,171309536.4,6141650,2023-01-23,2023-01-23 23:59:59
27.82,27.34,27.94,27.1,213700139.2,7773450,2023-01-24,2023-01-24 23:59:59
27.18,27.42,27.44,27.0,105221695.6,3863710,2023-01-25,2023-01-25 23:59:59
27.42,27.3,27.48,27.1,168945291.4,6203280,2023-01-26,2023-01-26 23:59:59
27.26,27.7,27.94,27.06,247834467.8,9009700,2023-01-27,2023-01-27 23:59:59
27.86,27.86,28.46,27.68,295606821.2,10579860,2023-01-30,2023-01-30 23:59:59
27.9,28.0,28.04,27.64,325990970.4,11700760,2023-01-31,2023-01-31 23:59:59
28.05,28.01,28.49,27.7,449571695.7,15964080,2023-02-01,2023-02-01 23:59:59
28.09,28.24,28.89,27.2,687854918.5,24406150,2023-02-02,2023-02-02 23:59:59
28.27,27.85,28.3,27.46,306582608.8,10951720,2023-02-03,2023-02-03 23:59:59
27.8,28.27,28.38,27.8,206804200.7,7338040,2023-02-06,2023-02-06 23:59:59
28.28,28.67,28.72,28.24,277436379.3,9754950,2023-02-07,2023-02-07 23:59:59
28.75,29.43,29.55,28.52,743077465.7,25472960,2023-02-08,2023-02-08 23:59:59
29.59,29.4,29.93,29.19,503783139.6,17045400,2023-02-09,2023-02-09 23:59:59
29.4,28.82,29.43,27.98,398887772.2,13853610,2023-02-10,2023-02-10 23:59:59
28.94,28.32,28.96,28.22,290645562.5,10212080,2023-02-13,2023-02-13 23:59:59
28.28,27.77,28.3,27.71,224154942.7,8021050,2023-02-14,2023-02-14 23:59:59
27.59,26.65,27.61,26.15,512360335.6,18997540,2023-02-15,2023-02-15 23:59:59
26.9,27.43,27.69,26.75,461645885.4,16921360,2023-02-16,2023-02-16 23:59:59
27.41,27.54,27.67,27.1,197274708.7,7203460,2023-02-17,2023-02-17 23:59:59
27.64,27.4,27.67,26.99,203782704.4,7455500,2023-02-20,2023-02-20 23:59:59
27.42,27.78,28.15,27.22,296021485.9,10653170,2023-02-21,2023-02-21 23:59:59
27.8,27.97,28.12,27.57,212945304.2,7625710,2023-02-22,2023-02-22 23:59:59
27.84,28.16,28.25,27.75,131056625.9,4668650,2023-02-24,2023-02-24 23:59:59
28.0,28.32,28.48,27.96,183882741.2,6516240,2023-02-27,2023-02-27 23:59:59
28.39,28.2,28.49,28.1,171294170.0,6061360,2023-02-28,2023-02-28 23:59:59
28.28,28.35,28.5,28.21,206319683.9,7275360,2023-03-01,2023-03-01 23:59:59
28.43,28.0,28.43,27.86,252002477.8,8970470,2023-03-02,2023-03-02 23:59:59
27.92,28.16,28.22,27.92,130768086.9,4654240,2023-03-03,2023-03-03 23:59:59
28.24,28.58,28.77,28.18,231345321.9,8118200,2023-03-06,2023-03-06 23:59:59
28.59,28.45,28.59,28.24,121038502.0,4263240,2023-03-07,2023-03-07 23:59:59
28.46,28.55,28.7,28.35,119167924.5,4179920,2023-03-09,2023-03-09 23:59:59
28.38,28.27,28.51,28.18,115136680.9,4064690,2023-03-10,2023-03-10 23:59:59
28.27,28.08,28.44,27.96,148777679.3,5282240,2023-03-13,2023-03-13 23:59:59
28.08,28.25,28.38,27.97,101491351.3,3603820,2023-03-14,2023-03-14 23:59:59
28.25,28.15,28.73,28.0,292815491.7,10304910,2023-03-15,2023-03-15 23:59:59
28.1,28.26,28.34,28.03,124232374.6,4408240,2023-03-16,2023-03-16 23:59:59
28.29,28.45,28.6,28.16,202160876.4,7119090,2023-03-17,2023-03-17 23:59:59
28.5,29.66,29.76,28.48,738527785.7,25134690,2023-03-20,2023-03-20 23:59:59
29.86,29.25,29.88,28.7,369115385.4,12583200,2023-03-21,2023-03-21 23:59:59
29.16,28.94,29.24,28.67,232493222.9,8027180,2023-03-22,2023-03-22 23:59:59
28.88,29.3,29.43,28.86,187334260.3,6400570,2023-03-23,2023-03-23 23:59:59
29.3,29.61,29.73,29.16,276886689.1,9396020,2023-03-24,2023-03-24 23:59:59
29.83,32.92,33.3,29.72,4270254491.7,132509160,2023-03-27,2023-03-27 23:59:59
33.25,32.36,33.83,31.84,2215164659.4,68176530,2023-03-28,2023-03-28 23:59:59
32.44,32.27,32.48,31.95,507996095.1,15762630,2023-03-29,2023-03-29 23:59:59
32.21,32.74,32.99,32.15,653752795.8,20038320,2023-03-30,2023-03-30 23:59:59
32.85,31.65,32.94,30.64,2110431209.2,66978590,2023-03-31,2023-03-31 23:59:59
31.5,32.03,32.1,31.3,469236888.0,14790120,2023-04-03,2023-04-03 23:59:59
32.03,32.16,32.87,32.0,610078211.8,18827920,2023-04-04,2023-04-04 23:59:59
32.09,32.27,32.5,31.55,406081810.8,12663680,2023-04-05,2023-04-05 23:59:59
32.35,32.39,32.83,32.18,391159769.2,12037620,2023-04-06,2023-04-06 23:59:59
32.45,32.79,32.94,32.24,315883675.7,9712830,2023-04-07,2023-04-07 23:59:59
32.9,34.84,35.28,32.89,2931457529.7,84986580,2023-04-10,2023-04-10 23:59:59
34.96,34.08,35.06,33.62,1681063127.1,49050280,2023-04-11,2023-04-11 23:59:59
34.15,34.49,34.81,34.06,616024309.9,17893530,2023-04-12,2023-04-12 23:59:59
34.63,34.3,34.63,34.09,286835893.6,8364620,2023-04-13,2023-04-13 23:59:59
34.35,34.65,34.72,34.05,307378679.1,8946690,2023-04-14,2023-04-14 23:59:59
34.9,36.26,36.4,34.86,1536172209.8,42857460,2023-04-17,2023-04-17 23:59:59
36.28,36.36,36.86,35.62,1159400548.2,32024390,2023-04-18,2023-04-18 23:59:59
36.47,37.45,37.84,35.65,1738718735.1,47396930,2023-04-19,2023-04-19 23:59:59
37.71,39.21,39.8,36.72,3579850165.3,93756090,2023-04-20,2023-04-20 23:59:59
39.2,38.97,39.9,38.38,1729189473.6,44267930,2023-04-21,2023-04-21 23:59:59
38.95,38.9,39.34,38.05,948578262.9,24460080,2023-04-24,2023-04-24 23:59:59
39.07,38.02,39.07,37.81,692090483.7,17982120,2023-04-25,2023-04-25 23:59:59
37.98,39.25,39.4,37.52,1120931014.4,29235100,2023-04-26,2023-04-26 23:59:59
39.07,40.05,40.47,38.86,1814577359.0,45613740,2023-04-27,2023-04-27 23:59:59
40.25,40.24,40.71,39.05,1683880390.7,42125410,2023-04-28,2023-04-28 23:59:59
40.47,39.59,41.22,37.84,2754477905.5,69596680,2023-05-02,2023-05-02 23:59:59
39.59,38.02,39.6,37.81,2107571227.2,54601750,2023-05-03,2023-05-03 23:59:59
37.52,37.65,38.44,36.8,2434640471.1,65217010,2023-05-04,2023-05-04 23:59:59
37.63,37.12,37.77,36.81,932173436.3,25029330,2023-05-05,2023-05-05 23:59:59
37.07,36.15,37.14,36.05,772437467.3,21239230,2023-05-08,2023-05-08 23:59:59
35.82,38.26,38.53,35.51,2249770535.4,60102310,2023-05-10,2023-05-10 23:59:59
38.49,37.6,39.32,36.77,2546895288.0,66607080,2023-05-11,2023-05-11 23:59:59
37.68,38.24,38.46,37.13,1342522414.0,35548690,2023-05-12,2023-05-12 23:59:59
38.32,39.17,39.3,38.32,923264797.1,23787290,2023-05-15,2023-05-15 23:59:59
39.28,38.8,39.4,38.44,701837585.7,18062380,2023-05-16,2023-05-16 23:59:59
38.72,38.97,39.3,38.41,508416255.8,13120570,2023-05-17,2023-05-17 23:59:59
39.12,38.55,39.22,38.51,493394860.8,12711040,2023-05-18,2023-05-18 23:59:59
38.5,38.88,39.29,38.0,798600721.7,20555750,2023-05-19,2023-05-19 23:59:59
39.03,39.35,39.86,38.72,992247275.6,25203340,2023-05-22,2023-05-22 23:59:59
39.43,39.09,39.69,38.11,764319781.6,19607430,2023-05-23,2023-05-23 23:59:59
39.09,39.51,39.6,38.9,461792682.0,11754640,2023-05-24,2023-05-24 23:59:59
39.76,39.98,40.72,39.53,1581852496.4,39403460,2023-05-25,2023-05-25 23:59:59
40.0,40.15,40.2,39.54,630190474.0,15788700,2023-05-26,2023-05-26 23:59:59
40.25,40.53,40.86,40.15,628746991.6,15540640,2023-05-29,2023-05-29 23:59:59
39.78,39.91,40.42,39.1,1040527036.7,26116230,2023-05-30,2023-05-30 23:59:59
39.85,40.06,40.32,39.33,529558263.0,13299420,2023-05-31,2023-05-31 23:59:59
40.25,39.3,40.25,39.21,512550166.0,12954710,2023-06-01,2023-06-01 23:59:59
39.22,40.0,40.05,38.8,487154826.1,12298030,2023-06-02,2023-06-02 23:59:59
40.07,39.2,40.3,38.85,854258186.8,21661990,2023-06-05,2023-06-05 23:59:59
39.1,39.2,39.4,38.36,417750764.7,10737040,2023-06-06,2023-06-06 23:59:59
39.2,39.49,39.69,39.13,277018448.8,7021980,2023-06-07,2023-06-07 23:59:59
39.43,39.48,39.59,39.16,167000714.1,4244800,2023-06-08,2023-06-08 23:59:59
39.5,40.06,40.22,39.31,697607201.3,17482720,2023-06-09,2023-06-09 23:59:59
40.16,40.67,40.85,40.16,692362682.7,17077410,2023-06-13,2023-06-13 23:59:59
40.95,41.18,41.5,40.76,1133343068.2,27527150,2023-06-14,2023-06-14 23:59:59
41.35,43.25,43.4,41.03,1689090659.6,40025370,2023-06-15,2023-06-15 23:59:59
43.5,43.38,43.54,42.63,1105851410.6,25703300,2023-06-16,2023-06-16 23:59:59
43.44,43.26,44.35,42.87,1232976769.3,28383470,2023-06-19,2023-06-19 23:59:59
43.26,42.81,43.34,42.25,772579202.0,18068140,2023-06-20,2023-06-20 23:59:59
42.8,43.16,43.45,42.6,416002167.2,9657740,2023-06-21,2023-06-21 23:59:59
43.2,42.05,43.21,41.85,1052997173.5,24828810,2023-06-22,2023-06-22 23:59:59
41.9,40.71,42.12,40.1,1536151382.5,37264490,2023-06-23,2023-06-23 23:59:59
41.3,41.42,42.12,40.8,1225543359.5,29631870,2023-06-26,2023-06-26 23:59:59
41.7,42.3,42.49,41.23,738273983.1,17572850,2023-06-27,2023-06-27 23:59:59
42.51,42.19,42.68,42.05,397712616.6,9413140,2023-06-28,2023-06-28 23:59:59
42.29,43.01,43.88,41.72,1196442088.4,27933780,2023-06-29,2023-06-29 23:59:59
43.06,42.7,43.2,42.21,438666490.4,10296560,2023-06-30,2023-06-30 23:59:59
42.69,42.2,42.9,41.88,504951720.2,11899340,2023-07-03,2023-07-03 23:59:59
42.2,41.31,42.33,41.1,631493683.2,15145370,2023-07-04,2023-07-04 23:59:59
41.4,41.89,42.04,41.33,371465034.3,8921060,2023-07-05,2023-07-05 23:59:59
42.0,41.44,42.25,41.2,482569884.9,11590760,2023-07-06,2023-07-06 23:59:59
41.28,41.43,41.45,40.81,401802910.3,9759050,2023-07-07,2023-07-07 23:59:59
41.54,42.09,42.11,41.28,358347509.9,8549940,2023-07-10,2023-07-10 23:59:59
42.12,41.85,42.18,41.45,477813179.7,11451110,2023-07-11,2023-07-11 23:59:59
41.9,42.12,42.47,41.8,535952808.9,12717540,2023-07-12,2023-07-12 23:59:59
42.23,42.39,42.57,41.92,424732167.8,10064530,2023-07-13,2023-07-13 23:59:59
42.4,42.39,42.88,42.25,682296328.9,16020350,2023-07-14,2023-07-14 23:59:59
42.24,42.58,42.74,41.88,444151853.3,10474130,2023-07-17,2023-07-17 23:59:59
42.7,44.36,44.43,42.57,2001882423.5,45729810,2023-07-18,2023-07-18 23:59:59
44.48,43.79,44.72,43.6,853954049.4,19315600,2023-07-19,2023-07-19 23:59:59
44.2,43.86,45.15,43.31,1245873772.0,28171010,2023-07-20,2023-07-20 23:59:59
43.9,44.2,44.28,43.34,462347743.0,10506570,2023-07-21,2023-07-21 23:59:59
44.2,44.42,44.66,44.08,425775167.6,9588550,2023-07-24,2023-07-24 23:59:59
44.4,44.93,45.0,44.34,398665928.2,8923910,2023-07-25,2023-07-25 23:59:59
44.94,44.72,45.34,44.43,638949506.3,14261920,2023-07-26,2023-07-26 23:59:59
44.72,44.89,45.2,44.64,349217262.3,7773430,2023-07-27,2023-07-27 23:59:59
44.9,44.84,45.0,44.55,242977605.8,5424800,2023-07-28,2023-07-28 23:59:59
44.85,45.63,45.85,44.85,633431000.4,13963250,2023-07-31,2023-07-31 23:59:59
45.82,45.35,45.82,45.0,700014611.2,15414920,2023-08-01,2023-08-01 23:59:59
45.35,45.26,45.7,44.84,705055971.9,15588460,2023-08-02,2023-08-02 23:59:59
45.11,45.47,45.82,44.96,664656344.7,14649390,2023-08-03,2023-08-03 23:59:59
45.53,45.29,47.38,43.57,3083439954.7,67267220,2023-08-04,2023-08-04 23:59:59
45.52,45.22,46.24,44.45,895991019.8,19723530,2023-08-07,2023-08-07 23:59:59
45.2,45.38,45.66,44.23,761747021.8,16947870,2023-08-08,2023-08-08 23:59:59
45.47,45.25,45.68,45.01,357904630.2,7896020,2023-08-09,2023-08-09 23:59:59
45.26,45.47,45.87,45.19,624734367.6,13744090,2023-08-10,2023-08-10 23:59:59
45.66,45.84,45.85,45.25,366647487.2,8060340,2023-08-11,2023-08-11 23:59:59
46.01,45.09,46.4,44.66,1149547219.5,25118550,2023-08-14,2023-08-14 23:59:59
44.82,45.13,45.82,44.68,568168628.4,12552880,2023-08-15,2023-08-15 23:59:59
45.12,44.03,45.32,43.1,878042062.7,19952510,2023-08-16,2023-08-16 23:59:59
43.89,44.7,45.0,43.56,697006456.5,15741510,2023-08-17,2023-08-17 23:59:59
44.65,44.91,45.15,44.13,294851007.9,6614010,2023-08-18,2023-08-18 23:59:59
44.91,44.83,45.33,44.46,417971109.9,9303780,2023-08-21,2023-08-21 23:59:59
44.82,44.94,45.34,44.49,290911769.9,6484800,2023-08-22,2023-08-22 23:59:59
44.9,44.14,45.04,43.8,414147273.7,9327660,2023-08-23,2023-08-23 23:59:59
44.21,44.47,44.64,43.85,295834398.4,6696940,2023-08-24,2023-08-24 23:59:59
44.47,44.34,44.47,43.94,230252612.2,5206350,2023-08-25,2023-08-25 23:59:59
44.34,44.78,45.17,44.29,729475394.8,16292010,2023-08-28,2023-08-28 23:59:59
44.8,44.38,45.07,44.0,652526903.9,14681870,2023-08-29,2023-08-29 23:59:59
44.24,44.12,44.48,43.74,375232033.0,8508350,2023-08-30,2023-08-30 23:59:59
44.18,44.02,44.35,43.68,450425303.4,10230610,2023-08-31,2023-08-31 23:59:59
44.03,44.01,44.2,43.88,232275909.0,5275360,2023-09-01,2023-09-01 23:59:59
44.02,44.14,44.55,43.89,571427996.4,12939760,2023-09-04,2023-09-04 23:59:59
44.2,44.04,44.26,43.9,369662121.3,8396130,2023-09-05,2023-09-05 23:59:59
44.13,43.75,44.15,43.6,297693433.0,6800130,2023-09-06,2023-09-06 23:59:59
43.7,42.54,43.75,42.25,759697156.9,17721980,2023-09-07,2023-09-07 23:59:59
42.59,42.4,42.7,41.02,921124978.1,22112100,2023-09-08,2023-09-08 23:59:59
42.39,41.73,42.4,41.45,492316097.9,11754720,2023-09-11,2023-09-11 23:59:59
41.73,42.53,42.78,41.73,323725529.5,7675250,2023-09-12,2023-09-12 23:59:59
42.53,41.87,42.65,41.73,229069381.8,5441480,2023-09-13,2023-09-13 23:59:59
42.02,41.3,42.27,40.86,638070398.0,15382650,2023-09-14,2023-09-14 23:59:59
41.25,41.63,42.04,40.73,585442721.6,14121850,2023-09-15,2023-09-15 23:59:59
41.63,41.52,42.17,40.9,498227726.0,12006890,2023-09-18,2023-09-18 23:59:59
41.53,40.25,41.54,40.1,722548257.7,17805660,2023-09-19,2023-09-19 23:59:59
40.21,40.14,40.75,39.48,591007000.7,14782380,2023-09-20,2023-09-20 23:59:59
39.9,40.23,41.18,39.43,716390086.7,17926680,2023-09-21,2023-09-21 23:59:59
40.42,41.0,41.22,39.62,405746005.4,10045630,2023-09-22,2023-09-22 23:59:59
40.99,40.21,41.0,40.11,280198447.9,6931540,2023-09-25,2023-09-25 23:59:59
40.08,40.29,40.4,39.68,250917555.3,6269880,2023-09-26,2023-09-26 23:59:59
40.49,41.72,41.72,40.16,531158872.9,12953120,2023-09-27,2023-09-27 23:59:59
41.64,41.43,41.74,40.91,496326775.1,12002110,2023-09-28,2023-09-28 23:59:59
41.32,41.5,41.68,41.06,229318515.5,5540110,2023-09-29,2023-09-29 23:59:59
41.6,40.81,42.48,40.46,896884603.9,21572170,2023-10-02,2023-10-02 23:59:59
40.86,40.98,41.15,40.4,601217336.2,14738830,2023-10-03,2023-10-03 23:59:59
41.0,40.75,41.3,40.53,292477553.0,7149490,2023-10-04,2023-10-04 23:59:59
40.65,40.45,40.99,40.17,356886493.7,8781100,2023-10-05,2023-10-05 23:59:59
40.4,40.63,40.73,40.11,166009580.3,4107880,2023-10-06,2023-10-06 23:59:59
40.6,40.56,40.79,40.29,229464840.8,5657340,2023-10-09,2023-10-09 23:59:59
40.61,40.74,40.84,40.38,239452646.5,5892060,2023-10-10,2023-10-10 23:59:59
40.61,40.36,40.96,40.22,296321436.4,7274660,2023-10-11,2023-10-11 23:59:59
40.51,40.4,40.54,40.03,174857254.2,4336150,2023-10-12,2023-10-12 23:59:59
40.34,40.45,40.65,40.16,116120103.9,2877130,2023-10-13,2023-10-13 23:59:59
40.45,41.34,41.68,40.41,511858161.9,12443290,2023-10-16,2023-10-16 23:59:59
41.41,41.13,41.48,40.75,306103221.8,7453220,2023-10-17,2023-10-17 23:59:59
41.13,40.83,41.16,40.63,189989278.9,4652860,2023-10-18,2023-10-18 23:59:59
40.88,40.88,40.96,40.64,188252870.0,4615610,2023-10-19,2023-10-19 23:59:59
40.89,40.93,41.03,40.28,237447810.2,5840360,2023-10-20,2023-10-20 23:59:59
40.93,40.94,41.25,40.86,297563484.8,7246650,2023-10-23,2023-10-23 23:59:59
40.99,40.79,40.99,40.66,140685257.6,3451600,2023-10-24,2023-10-24 23:59:59
40.67,40.87,41.09,40.66,190767427.0,4665370,2023-10-25,2023-10-25 23:59:59
40.88,39.98,41.01,39.81,669126265.0,16595400,2023-10-26,2023-10-26 23:59:59
40.08,40.26,40.44,39.57,520386309.3,13003030,2023-10-27,2023-10-27 23:59:59
40.04,39.89,40.4,39.69,191997310.2,4801320,2023-10-30,2023-10-30 23:59:59
39.79,39.35,39.89,38.6,739453077.0,18844910,2023-10-31,2023-10-31 23:59:59
39.37,39.25,39.63,38.9,333887091.6,8495720,2023-11-01,2023-11-01 23:59:59
39.27,39.25,39.55,38.96,168999128.2,4302530,2023-11-02,2023-11-02 23:59:59
39.25,38.97,39.3,38.65,238434000.1,6118260,2023-11-03,2023-11-03 23:59:59
38.97,39.64,39.73,38.97,193285017.9,4908450,2023-11-06,2023-11-06 23:59:59
39.69,40.1,40.22,39.38,232823578.2,5849620,2023-11-07,2023-11-07 23:59:59
40.12,39.93,40.3,39.9,172212097.9,4299700,2023-11-08,2023-11-08 23:59:59
39.97,39.39,39.98,39.22,307269348.6,7792600,2023-11-09,2023-11-09 23:59:59
39.39,39.19,39.4,38.95,181036267.6,4628130,2023-11-10,2023-11-10 23:59:59
39.29,38.8,39.29,38.65,221455792.0,5692240,2023-11-13,2023-11-13 23:59:59
38.67,38.38,38.74,37.8,534948581.9,13972180,2023-11-14,2023-11-14 23:59:59
38.38,38.68,38.77,37.68,500782205.5,13123840,2023-11-15,2023-11-15 23:59:59
38.98,38.28,39.36,38.15,252452490.8,6511110,2023-11-16,2023-11-16 23:59:59
38.3,38.54,38.65,37.91,226064110.9,5906770,2023-11-17,2023-11-17 23:59:59
38.54,38.57,38.85,38.36,199976445.3,5185680,2023-11-20,2023-11-20 23:59:59
38.43,39.11,39.3,38.26,230729165.9,5960120,2023-11-21,2023-11-21 23:59:59
39.25,39.01,39.3,38.47,242248066.8,6232010,2023-11-22,2023-11-22 23:59:59
39.0,38.67,39.0,38.33,207998408.5,5378380,2023-11-23,2023-11-23 23:59:59
38.53,38.51,38.74,38.16,261096495.8,6800170,2023-11-24,2023-11-24 23:59:59
38.51,37.82,38.66,37.6,320015538.1,8413880,2023-11-27,2023-11-27 23:59:59
37.8,37.15,37.94,36.34,701608055.4,18983940,2023-11-28,2023-11-28 23:59:59
37.35,36.72,37.65,36.6,612498957.0,16498150,2023-11-29,2023-11-29 23:59:59
36.6,36.29,36.81,36.11,391645699.2,10761480,2023-11-30,2023-11-30 23:59:59
36.15,36.51,36.63,36.15,187208617.9,5148110,2023-12-01,2023-12-01 23:59:59
36.6,35.8,36.6,35.8,267918287.4,7398260,2023-12-04,2023-12-04 23:59:59
35.7,36.06,36.11,35.06,498672524.6,13994440,2023-12-05,2023-12-05 23:59:59
35.92,35.24,36.11,35.18,231551431.6,6499640,2023-12-06,2023-12-06 23:59:59
35.13,34.94,35.53,34.55,386506782.7,11084430,2023-12-07,2023-12-07 23:59:59
34.81,35.66,35.78,34.81,205878513.1,5824800,2023-12-08,2023-12-08 23:59:59
35.83,35.09,35.83,34.75,195309381.4,5554750,2023-12-11,2023-12-11 23:59:59
35.1,35.29,35.7,34.86,216592994.8,6121640,2023-12-12,2023-12-12 23:59:59
35.29,35.68,35.76,34.86,324086137.8,9182480,2023-12-13,2023-12-13 23:59:59
35.81,35.34,36.79,35.22,887336244.5,24545850,2023-12-14,2023-12-14 23:59:59
35.41,36.28,36.49,35.24,372553204.3,10360470,2023-12-15,2023-12-15 23:59:59
36.44,37.3,37.36,36.21,464231315.0,12562940,2023-12-18,2023-12-18 23:59:59
37.32,36.66,37.33,36.41,345185039.6,9388580,2023-12-19,2023-12-19 23:59:59
36.69,36.94,37.18,36.46,378956001.5,10276280,2023-12-20,2023-12-20 23:59:59
36.82,35.93,36.89,35.76,535311118.2,14791100,2023-12-21,2023-12-21 23:59:59
36.1,35.97,36.57,35.92,367503837.4,10160720,2023-12-22,2023-12-22 23:59:59
36.0,35.56,36.14,35.41,376200911.8,10525620,2023-12-25,2023-12-25 23:59:59
35.43,35.47,35.9,35.11,484902436.7,13667890,2023-12-26,2023-12-26 23:59:59
35.47,35.11,35.53,35.0,267885111.9,7595950,2023-12-27,2023-12-27 23:59:59
35.11,34.87,35.22,34.71,276465734.0,7920540,2023-12-28,2023-12-28 23:59:59
35.1,35.05,35.4,34.7,272813210.0,7781340,2023-12-29,2023-12-29 23:59:59
35.22,35.75,35.78,35.12,203649948.7,5731190,2024-01-03,2024-01-03 23:59:59
35.85,35.57,35.85,35.46,126684063.1,3559820,2024-01-04,2024-01-04 23:59:59
35.6,36.85,36.97,35.54,719420091.0,19737980,2024-01-05,2024-01-05 23:59:59
36.96,37.5,37.75,36.9,633305612.3,16977490,2024-01-08,2024-01-08 23:59:59
37.6,37.69,37.94,37.18,493568973.0,13116700,2024-01-09,2024-01-09 23:59:59
37.7,37.45,37.94,37.4,306252581.6,8125150,2024-01-10,2024-01-10 23:59:59
37.5,37.8,37.83,36.97,442144612.9,11798300,2024-01-11,2024-01-11 23:59:59
37.94,38.01,38.78,37.78,511482812.0,13375910,2024-01-12,2024-01-12 23:59:59
38.05,38.2,38.63,38.05,352819883.5,9204660,2024-01-15,2024-01-15 23:59:59
38.19,37.97,38.21,37.62,315495510.1,8336630,2024-01-16,2024-01-16 23:59:59
37.98,38.32,38.44,37.83,258172293.6,6762140,2024-01-17,2024-01-17 23:59:59
38.55,37.79,38.55,37.38,389781187.8,10253730,2024-01-18,2024-01-18 23:59:59
37.9,38.02,38.29,37.51,307546591.1,8136380,2024-01-19,2024-01-19 23:59:59
38.03,37.93,38.19,37.61,209593175.0,5526560,2024-01-22,2024-01-22 23:59:59
38.0,37.94,38.12,37.87,200702667.5,5283440,2024-01-23,2024-01-23 23:59:59
38.0,37.66,38.19,37.61,252292610.0,6663200,2024-01-24,2024-01-24 23:59:59
37.67,37.36,37.75,37.2,264977773.4,7082370,2024-01-25,2024-01-25 23:59:59
37.36,37.17,37.68,37.06,183822062.6,4902500,2024-01-26,2024-01-26 23:59:59
37.17,38.3,38.5,37.17,430806788.4,11345140,2024-01-29,2024-01-29 23:59:59
38.32,39.38,39.5,38.29,890639140.8,22812360,2024-01-30,2024-01-30 23:59:59
39.42,38.83,39.47,38.52,522960324.3,13428420,2024-01-31,2024-01-31 23:59:59
38.79,38.92,39.1,38.69,197207998.8,5066250,2024-02-01,2024-02-01 23:59:59
38.92,39.81,40.1,38.84,616622781.5,15588120,2024-02-02,2024-02-02 23:59:59
39.81,39.91,40.2,39.37,521181000.0,13121130,2024-02-05,2024-02-05 23:59:59
39.91,40.28,40.4,39.53,377845372.5,9452700,2024-02-06,2024-02-06 23:59:59
40.5,39.67,40.65,39.46,714543970.3,17841680,2024-02-07,2024-02-07 23:59:59
39.67,39.22,39.85,39.07,380834553.1,9675750,2024-02-08,2024-02-08 23:59:59
39.2,39.05,39.58,38.75,502612749.6,12842520,2024-02-09,2024-02-09 23:59:59
39.05,39.89,40.25,39.05,874810890.2,21933790,2024-02-12,2024-02-12 23:59:59
39.96,39.6,39.99,39.39,405009680.3,10221240,2024-02-13,2024-02-13 23:59:59
39.75,39.49,39.75,39.2,306923478.7,7790260,2024-02-14,2024-02-14 23:59:59
39.5,39.24,39.53,38.98,291974107.4,7456910,2024-02-15,2024-02-15 23:59:59
39.28,38.84,39.3,38.2,460680442.7,11891960,2024-02-16,2024-02-16 23:59:59
38.61,38.89,39.14,38.47,300870320.2,7752630,2024-02-19,2024-02-19 23:59:59
38.89,37.74,39.26,37.38,690807277.8,18027910,2024-02-20,2024-02-20 23:59:59
37.74,37.01,37.75,36.68,555871364.4,14946950,2024-02-21,2024-02-21 23:59:59
36.71,37.31,37.51,36.71,215584653.5,5787440,2024-02-22,2024-02-22 23:59:59
37.6,38.07,38.13,37.36,306745305.0,8125210,2024-02-26,2024-02-26 23:59:59
38.31,37.72,38.31,37.61,177066118.4,4676420,2024-02-27,2024-02-27 23:59:59
37.72,37.61,38.46,37.38,464028927.9,12219370,2024-02-28,2024-02-28 23:59:59
37.61,38.54,39.14,37.55,749578551.6,19529570,2024-02-29,2024-02-29 23:59:59
38.56,39.06,39.18,38.54,370056163.2,9524110,2024-03-01,2024-03-01 23:59:59
39.09,39.78,40.23,39.07,874193568.4,21947460,2024-03-04,2024-03-04 23:59:59
39.95,39.78,40.55,39.31,930579787.5,23299070,2024-03-05,2024-03-05 23:59:59
39.87,39.66,40.16,39.47,364243247.8,9143280,2024-03-06,2024-03-06 23:59:59
39.65,39.54,39.72,39.35,233398785.3,5913440,2024-03-07,2024-03-07 23:59:59
39.67,40.13,40.2,39.41,558455100.9,14017410,2024-03-11,2024-03-11 23:59:59
40.12,40.08,40.16,39.74,297094663.8,7435140,2024-03-12,2024-03-12 23:59:59
40.16,41.08,41.59,40.13,2320792180.4,56465050,2024-03-13,2024-03-13 23:59:59
41.04,40.22,41.58,40.19,1012013752.6,24860790,2024-03-14,2024-03-14 23:59:59
40.12,40.52,40.73,39.9,596044097.9,14794110,2024-03-15,2024-03-15 23:59:59
40.64,40.66,40.91,40.32,458075847.0,11272620,2024-03-18,2024-03-18 23:59:59
40.76,39.73,40.95,39.52,696161889.5,17345120,2024-03-19,2024-03-19 23:59:59
39.6,40.7,40.95,39.52,748391356.6,18524070,2024-03-20,2024-03-20 23:59:59
40.79,40.98,41.2,40.51,642204967.9,15689820,2024-03-21,2024-03-21 23:59:59
41.15,39.73,41.2,39.57,646081710.0,16049080,2024-03-22,2024-03-22 23:59:59
39.9,40.43,40.64,39.86,486883878.1,12086810,2024-03-25,2024-03-25 23:59:59
40.5,40.58,40.77,40.19,298059611.4,7371290,2024-03-26,2024-03-26 23:59:59
40.59,41.81,41.86,40.58,775866424.9,18812620,2024-03-27,2024-03-27 23:59:59
41.94,42.93,43.35,41.64,1504934494.5,35298640,2024-03-28,2024-03-28 23:59:59
42.96,45.48,45.88,42.71,4376298458.6,97862290,2024-03-29,2024-03-29 23:59:59
45.78,48.63,49.16,45.04,5500645963.0,115999080,2024-04-01,2024-04-01 23:59:59
48.65,48.2,48.94,47.15,3980946313.2,83034000,2024-04-02,2024-04-02 23:59:59
48.2,50.0,51.39,48.0,5413847484.5,107748080,2024-04-03,2024-04-03 23:59:59
50.01,48.43,51.3,48.32,3923997734.0,79041590,2024-04-04,2024-04-04 23:59:59
48.43,49.36,49.76,48.12,2036481829.0,41524630,2024-04-05,2024-04-05 23:59:59
49.62,50.03,50.81,49.45,2167403235.3,43131130,2024-04-08,2024-04-08 23:59:59
50.19,49.3,50.32,49.0,1213582467.6,24553520,2024-04-09,2024-04-09 23:59:59
49.5,51.01,51.15,49.12,2455882067.7,48871910,2024-04-10,2024-04-10 23:59:59
51.23,50.92,52.29,50.21,4656094124.6,90671560,2024-04-11,2024-04-11 23:59:59
51.0,50.47,51.17,49.85,1657663705.9,32950170,2024-04-12,2024-04-12 23:59:59
50.29,49.89,50.82,49.02,1809444477.1,36102560,2024-04-15,2024-04-15 23:59:59
49.86,49.57,50.31,49.13,1108928520.9,22266530,2024-04-16,2024-04-16 23:59:59
49.55,49.16,49.88,48.63,1243286427.3,25318480,2024-04-17,2024-04-17 23:59:59
49.48,48.66,49.55,48.4,695160619.4,14243160,2024-04-18,2024-04-18 23:59:59
48.66,49.61,49.76,48.6,1099864222.5,22287750,2024-04-19,2024-04-19 23:59:59
49.76,50.28,50.59,49.6,1108789619.6,22101240,2024-04-22,2024-04-22 23:59:59
50.24,49.62,50.53,49.5,835466435.0,16672170,2024-04-23,2024-04-23 23:59:59
49.75,49.73,50.39,49.05,833635271.9,16759300,2024-04-24,2024-04-24 23:59:59
49.86,50.09,50.19,49.35,608126604.5,12173280,2024-04-25,2024-04-25 23:59:59
49.99,52.2,52.34,49.94,2628207583.4,50983010,2024-04-26,2024-04-26 23:59:59
52.18,51.46,52.48,51.2,1774057182.0,34317800,2024-04-27,2024-04-27 23:59:59
51.39,51.96,52.15,51.07,550978839.1,10648110,2024-04-29,2024-04-29 23:59:59
52.09,51.59,52.18,51.25,304155910.9,5896840,2024-04-30,2024-04-30 23:59:59
51.32,50.66,51.32,50.18,826185421.0,16291140,2024-05-02,2024-05-02 23:59:59
50.6,50.25,50.67,49.68,816880846.3,16307620,2024-05-03,2024-05-03 23:59:59
50.25,49.68,50.8,49.56,695187357.2,13870410,2024-05-06,2024-05-06 23:59:59
49.7,49.57,49.85,49.2,474266936.2,9574860,2024-05-07,2024-05-07 23:59:59
49.74,50.23,50.68,49.53,584347121.6,11624320,2024-05-08,2024-05-08 23:59:59
50.25,50.85,51.0,50.25,465870419.2,9170850,2024-05-10,2024-05-10 23:59:59
51.18,52.11,52.37,51.05,1161398130.5,22467880,2024-05-13,2024-05-13 23:59:59
52.2,54.19,54.36,51.71,3205186363.5,60035620,2024-05-14,2024-05-14 23:59:59
54.29,56.75,56.96,54.05,4848913093.2,86674780,2024-05-15,2024-05-15 23:59:59
56.92,55.92,57.1,55.04,3462487102.3,62045460,2024-05-16,2024-05-16 23:59:59
55.81,58.0,58.48,55.21,3580954161.6,62582050,2024-05-17,2024-05-17 23:59:59
58.0,58.17,59.43,57.26,3958452812.9,67639310,2024-05-20,2024-05-20 23:59:59
58.1,58.94,59.44,56.74,3110290874.9,53506430,2024-05-21,2024-05-21 23:59:59
59.35,58.01,59.59,57.6,1692378736.8,29006890,2024-05-22,2024-05-22 23:59:59
58.01,57.71,58.65,57.09,1466249091.5,25376950,2024-05-23,2024-05-23 23:59:59
57.82,58.13,58.5,56.88,1887674683.2,32663100,2024-05-24,2024-05-24 23:59:59
58.0,55.08,58.85,54.53,3699101693.1,65292300,2024-05-27,2024-05-27 23:59:59
55.05,55.82,56.45,53.9,2007520990.4,36071110,2024-05-28,2024-05-28 23:59:59
56.0,56.4,56.85,54.48,1450784857.2,26108400,2024-05-29,2024-05-29 23:59:59
56.95,56.22,57.7,55.41,2491481850.8,43838590,2024-05-30,2024-05-30 23:59:59
56.09,55.23,56.47,54.3,1418173975.0,25744960,2024-05-31,2024-05-31 23:59:59
55.0,53.68,55.33,51.64,2789522136.3,52424580,2024-06-03,2024-06-03 23:59:59
53.85,57.0,57.09,52.99,1978569832.7,35891520,2024-06-04,2024-06-04 23:59:59
57.0,56.7,58.47,56.16,2304489821.8,40242600,2024-06-05,2024-06-05 23:59:59
56.7,56.39,57.35,55.8,907435516.2,16038290,2024-06-06,2024-06-06 23:59:59
56.39,58.51,59.26,56.26,1766625748.0,30430270,2024-06-07,2024-06-07 23:59:59
58.81,57.8,59.73,56.94,1904510497.0,32548550,2024-06-10,2024-06-10 23:59:59
57.8,58.94,59.24,56.74,1832760691.4,31437060,2024-06-11,2024-06-11 23:59:59
55.73,59.32,59.43,55.0,1700619514.5,29387450,2024-06-13,2024-06-13 23:59:59
59.87,62.82,62.84,59.52,5691023450.8,92678080,2024-06-14,2024-06-14 23:59:59
62.89,61.96,63.72,61.43,4163177528.6,66658080,2024-06-17,2024-06-17 23:59:59
61.9,61.6,63.46,60.91,4105570633.3,65776690,2024-06-18,2024-06-18 23:59:59
61.67,62.03,62.55,60.05,2988752591.5,48782210,2024-06-19,2024-06-19 23:59:59
62.25,64.4,64.75,60.95,4573446745.4,72481900,2024-06-20,2024-06-20 23:59:59
64.69,63.97,64.75,63.3,1819655916.7,28496740,2024-06-21,2024-06-21 23:59:59
64.0,63.32,64.36,62.87,1299122357.2,20458650,2024-06-24,2024-06-24 23:59:59
63.15,62.45,63.54,62.1,1236698667.3,19716780,2024-06-25,2024-06-25 23:59:59
62.65,64.2,64.42,62.65,1637353279.7,25735010,2024-06-26,2024-06-26 23:59:59
64.35,63.07,64.44,63.0,1318134665.0,20771740,2024-06-27,2024-06-27 23:59:59
63.1,62.72,63.5,62.42,707315876.6,11264730,2024-06-28,2024-06-28 23:59:59
62.73,61.2,62.79,60.95,1560464989.5,25342110,2024-07-01,2024-07-01 23:59:59
61.14,61.21,62.3,60.13,1844125076.1,30133250,2024-07-02,2024-07-02 23:59:59
61.4,60.91,62.1,60.3,968143263.6,15840190,2024-07-03,2024-07-03 23:59:59
60.7,59.04,61.0,58.85,1530557852.2,25586670,2024-07-04,2024-07-04 23:59:59
58.79,58.45,59.6,57.54,1761299807.3,30121940,2024-07-05,2024-07-05 23:59:59
58.21,56.45,58.38,56.21,1509523822.0,26296130,2024-07-08,2024-07-08 23:59:59
56.37,53.78,56.82,52.9,3207457828.1,58689650,2024-07-09,2024-07-09 23:59:59
53.75,52.33,55.13,52.1,3021459477.1,56563180,2024-07-10,2024-07-10 23:59:59
52.34,56.73,56.73,52.34,3001825690.9,54712750,2024-07-11,2024-07-11 23:59:59
56.7,55.4,56.97,54.61,2170363409.1,39180970,2024-07-12,2024-07-12 23:59:59
55.7,54.18,55.87,53.4,1554082576.2,28554510,2024-07-15,2024-07-15 23:59:59
54.04,55.11,55.2,52.71,1823373090.7,33880070,2024-07-16,2024-07-16 23:59:59
55.12,54.51,55.87,53.91,1211266916.2,22054070,2024-07-17,2024-07-17 23:59:59
54.52,56.28,56.57,54.03,1325548891.7,23892870,2024-07-18,2024-07-18 23:59:59
56.45,56.29,56.94,55.53,1340993115.3,23821210,2024-07-19,2024-07-19 23:59:59
56.76,58.17,58.3,56.61,2119242393.4,36805640,2024-07-22,2024-07-22 23:59:59
58.22,57.12,58.5,56.7,1221151660.7,21317690,2024-07-23,2024-07-23 23:59:59
57.12,57.46,58.02,56.7,927185280.7,16117300,2024-07-24,2024-07-24 23:59:59
57.5,58.06,58.87,57.1,992522973.1,17115010,2024-07-25,2024-07-25 23:59:59
58.06,55.47,58.73,55.0,2408537622.1,42568550,2024-07-26,2024-07-26 23:59:59
55.17,51.99,55.19,51.82,3845768831.6,72659550,2024-07-29,2024-07-29 23:59:59
51.97,53.98,54.31,50.9,4928614967.0,92768410,2024-07-30,2024-07-30 23:59:59
54.12,55.0,55.2,53.01,2453341805.9,45243890,2024-07-31,2024-07-31 23:59:59
55.02,53.72,55.66,53.55,1658076632.2,30285580,2024-08-01,2024-08-01 23:59:59
53.5,53.78,53.98,52.5,1730431926.5,32537360,2024-08-02,2024-08-02 23:59:59
52.8,52.38,53.29,51.56,2019952276.1,38521410,2024-08-05,2024-08-05 23:59:59
53.0,52.05,53.58,51.25,2052562483.2,39253260,2024-08-06,2024-08-06 23:59:59
52.15,51.29,52.36,50.14,3694563165.9,72322680,2024-08-07,2024-08-07 23:59:59
51.67,50.39,52.2,50.04,2199079966.8,43010710,2024-08-08,2024-08-08 23:59:59
50.2,51.09,51.2,49.85,1961381038.3,38714780,2024-08-09,2024-08-09 23:59:59
51.03,51.14,51.45,50.2,1300987435.2,25605230,2024-08-12,2024-08-12 23:59:59
51.28,51.72,51.82,50.9,1006288340.1,19631080,2024-08-13,2024-08-13 23:59:59
51.74,50.39,52.2,50.25,1245930958.1,24315400,2024-08-14,2024-08-14 23:59:59
50.39,49.04,50.39,48.92,2007912293.8,40530880,2024-08-15,2024-08-15 23:59:59
49.0,49.16,49.84,48.77,1695571326.0,34423160,2024-08-16,2024-08-16 23:59:59
49.33,49.4,49.75,48.71,1725715443.7,35131450,2024-08-19,2024-08-19 23:59:59
49.5,49.14,50.3,48.96,1263650960.8,25510280,2024-08-20,2024-08-20 23:59:59
49.29,48.04,49.43,47.5,1625752545.0,33765890,2024-08-21,2024-08-21 23:59:59
48.03,46.65,48.85,46.52,1685979439.6,35382330,2024-08-22,2024-08-22 23:59:59
46.6,46.45,47.25,45.15,1676379200.8,36289790,2024-08-23,2024-08-23 23:59:59
48.5,49.53,49.59,47.14,1760457571.0,36458890,2024-08-26,2024-08-26 23:59:59
49.52,48.38,49.52,47.72,1363134701.0,28103530,2024-08-27,2024-08-27 23:59:59
48.17,50.42,50.63,47.48,2410257028.5,49236880,2024-08-28,2024-08-28 23:59:59
50.3,49.49,51.07,48.61,3503645437.8,70520800,2024-08-29,2024-08-29 23:59:59
49.6,47.12,49.77,46.7,1872355038.6,39218660,2024-08-30,2024-08-30 23:59:59
46.95,44.75,47.03,44.0,1737019793.7,38102320,2024-09-02,2024-09-02 23:59:59
44.86,46.05,47.27,44.05,2244117515.9,49060810,2024-09-03,2024-09-03 23:59:59
46.27,48.41,48.87,45.22,3343087120.0,70547140,2024-09-04,2024-09-04 23:59:59
48.66,47.71,49.15,47.51,1668103101.6,34663130,2024-09-05,2024-09-05 23:59:59
47.53,48.42,48.89,47.26,1222587093.2,25440300,2024-09-06,2024-09-06 23:59:59
48.46,50.31,50.32,48.45,1418035182.1,28730710,2024-09-09,2024-09-09 23:59:59
50.31,48.84,50.72,48.05,1443968645.9,29260120,2024-09-10,2024-09-10 23:59:59
48.9,47.82,49.06,47.51,873383965.7,18123350,2024-09-11,2024-09-11 23:59:59
47.77,47.65,48.13,46.56,1117030370.1,23684200,2024-09-12,2024-09-12 23:59:59
47.65,48.01,48.6,46.46,1764022354.3,36992530,2024-09-13,2024-09-13 23:59:59
48.4,49.29,49.49,48.12,1106079286.1,22610470,2024-09-16,2024-09-16 23:59:59
49.49,51.78,51.98,49.1,2172874312.3,43124300,2024-09-17,2024-09-17 23:59:59
51.7,51.27,51.97,50.52,1929353784.1,37595920,2024-09-18,2024-09-18 23:59:59
51.47,52.19,52.86,51.01,1729149949.3,33158860,2024-09-19,2024-09-19 23:59:59
52.31,52.83,53.17,52.19,1246793360.4,23655980,2024-09-20,2024-09-20 23:59:59
52.96,55.0,55.14,52.95,2129038310.0,39254570,2024-09-23,2024-09-23 23:59:59
55.2,54.35,55.28,53.51,1843141211.3,34042430,2024-09-24,2024-09-24 23:59:59
54.3,53.84,54.88,53.3,1599582287.9,29619200,2024-09-25,2024-09-25 23:59:59
53.35,53.22,53.79,52.6,1167047359.6,21936750,2024-09-26,2024-09-26 23:59:59
53.21,54.57,54.79,52.81,1275726039.7,23589380,2024-09-27,2024-09-27 23:59:59
54.99,54.05,55.74,54.0,1793300508.7,32581710,2024-09-30,2024-09-30 23:59:59
53.82,54.03,54.55,53.36,1137311849.7,21063860,2024-10-01,2024-10-01 23:59:59
54.04,52.63,54.49,52.22,1146491877.7,21561390,2024-10-02,2024-10-02 23:59:59
52.4,52.77,53.11,51.22,1558084139.6,29882900,2024-10-03,2024-10-03 23:59:59
53.2,53.18,53.29,52.18,800367828.1,15154290,2024-10-04,2024-10-04 23:59:59
53.35,53.35,54.01,52.63,971673696.9,18257070,2024-10-07,2024-10-07 23:59:59
53.53,53.32,53.65,52.7,747379805.8,14057140,2024-10-08,2024-10-08 23:59:59
53.33,53.95,54.1,53.05,1116645054.4,20824340,2024-10-09,2024-10-09 23:59:59
54.16,54.13,54.31,53.53,960112408.5,17797790,2024-10-10,2024-10-10 23:59:59
54.13,54.88,55.0,53.67,1488299951.5,27384130,2024-10-11,2024-10-11 23:59:59
54.67,56.43,56.88,54.67,2261662408.2,40489900,2024-10-14,2024-10-14 23:59:59
56.29,57.55,58.06,55.94,1718991461.9,30001410,2024-10-15,2024-10-15 23:59:59
57.55,56.88,57.9,56.07,1493070027.7,26231870,2024-10-16,2024-10-16 23:59:59
56.7,56.25,57.39,55.83,1299456769.7,22972950,2024-10-17,2024-10-17 23:59:59
56.15,57.6,57.61,55.82,1344320425.3,23688250,2024-10-18,2024-10-18 23:59:59
57.67,57.56,58.45,57.17,1272052943.5,21979240,2024-10-21,2024-10-21 23:59:59
57.55,56.96,57.77,56.82,676071479.4,11806620,2024-10-22,2024-10-22 23:59:59
56.95,56.48,57.39,56.24,881025320.2,15520010,2024-10-23,2024-10-23 23:59:59
56.45,57.07,57.2,56.02,698297784.3,12357350,2024-10-24,2024-10-24 23:59:59
57.22,55.8,58.09,55.36,2511994389.7,44357230,2024-10-25,2024-10-25 23:59:59
55.0,53.92,55.19,53.12,2149859716.7,39705000,2024-10-28,2024-10-28 23:59:59
53.95,56.11,56.79,53.53,2938071947.1,53145710,2024-10-29,2024-10-29 23:59:59
56.35,53.42,57.39,53.4,3432880097.5,61522840,2024-10-30,2024-10-30 23:59:59
53.34,54.22,54.74,53.2,2626817705.5,48744820,2024-10-31,2024-10-31 23:59:59
54.2,54.97,55.05,53.7,1656968813.5,30481980,2024-11-01,2024-11-01 23:59:59
54.85,55.99,56.0,54.62,927456123.8,16783640,2024-11-02,2024-11-02 23:59:59
56.03,55.33,56.08,55.0,886879797.2,15982350,2024-11-05,2024-11-05 23:59:59
57.9,56.93,59.79,56.59,5890747213.1,101405030,2024-11-06,2024-11-06 23:59:59
56.92,59.02,59.2,56.13,2447756864.2,42564720,2024-11-07,2024-11-07 23:59:59
59.3,60.73,60.89,58.34,3363530454.2,56615050,2024-11-08,2024-11-08 23:59:59
61.25,62.03,62.39,61.01,3261428016.8,52794510,2024-11-11,2024-11-11 23:59:59
61.99,61.03,61.99,60.68,2041730779.0,33375940,2024-11-12,2024-11-12 23:59:59
60.6,61.16,62.08,60.6,1475236672.0,24056110,2024-11-13,2024-11-13 23:59:59
61.01,61.53,61.85,60.88,1294112217.0,21100660,2024-11-14,2024-11-14 23:59:59
61.49,63.86,63.86,61.35,4540489001.0,72273160,2024-11-15,2024-11-15 23:59:59
62.05,62.08,63.0,61.53,2325429123.9,37280340,2024-11-18,2024-11-18 23:59:59
62.0,59.95,62.39,59.21,3004258726.6,49735060,2024-11-19,2024-11-19 23:59:59
60.14,58.15,60.57,57.1,2944974355.8,49966270,2024-11-20,2024-11-20 23:59:59
58.15,59.7,60.0,57.06,2379499054.7,40994150,2024-11-21,2024-11-21 23:59:59
59.6,58.82,60.0,58.2,1637321731.8,27707520,2024-11-22,2024-11-22 23:59:59
58.65,57.55,59.12,56.71,1727380122.8,29948010,2024-11-25,2024-11-25 23:59:59
57.33,56.6,58.33,56.0,1972027781.8,34671740,2024-11-26,2024-11-26 23:59:59
56.6,56.79,57.48,54.01,3005964026.3,53766660,2024-11-27,2024-11-27 23:59:59
56.79,54.88,56.99,54.23,2759409213.9,50105290,2024-11-28,2024-11-28 23:59:59
54.71,52.15,55.13,52.02,4830870659.6,90348440,2024-11-29,2024-11-29 23:59:59
52.41,50.51,52.97,50.1,3289707351.1,64317950,2024-12-02,2024-12-02 23:59:59
50.5,48.52,50.5,48.31,2537816535.4,51625320,2024-12-03,2024-12-03 23:59:59
48.6,48.52,50.38,47.28,4507826770.7,91759630,2024-12-04,2024-12-04 23:59:59
48.52,50.15,50.59,47.67,3540417221.2,71775190,2024-12-05,2024-12-05 23:59:59
50.5,50.86,51.19,49.68,2111354825.5,41791340,2024-12-06,2024-12-06 23:59:59
51.39,51.18,51.9,50.86,1619611005.3,31540790,2024-12-09,2024-12-09 23:59:59
51.01,49.8,51.08,49.31,1662258301.7,33236140,2024-12-10,2024-12-10 23:59:59
49.6,49.97,50.47,49.3,1068841349.6,21479210,2024-12-11,2024-12-11 23:59:59
49.97,48.54,50.4,48.5,1358327401.4,27508700,2024-12-12,2024-12-12 23:59:59
48.42,48.28,48.84,47.59,1183335372.5,24556400,2024-12-13,2024-12-13 23:59:59
48.09,47.7,48.19,46.83,1213814085.3,25534200,2024-12-16,2024-12-16 23:59:59
47.5,47.67,48.24,46.5,1211736515.6,25583960,2024-12-17,2024-12-17 23:59:59
47.9,49.3,49.35,47.35,1341227416.4,27723800,2024-12-18,2024-12-18 23:59:59
49.51,50.12,50.79,48.9,1982956068.1,39657070,2024-12-19,2024-12-19 23:59:59
50.07,54.95,55.36,49.78,4120791964.3,76595880,2024-12-20,2024-12-20 23:59:59
55.82,56.09,56.47,54.15,2936538718.1,52968170,2024-12-23,2024-12-23 23:59:59
56.1,53.62,56.25,53.5,1562166908.4,28401260,2024-12-24,2024-12-24 23:59:59
53.56,54.86,55.59,52.88,2363200526.4,43305450,2024-12-25,2024-12-25 23:59:59
54.96,55.04,55.97,54.4,1331882427.9,24144930,2024-12-26,2024-12-26 23:59:59
55.04,55.65,55.69,54.63,915384436.1,16594400,2024-12-27,2024-12-27 23:59:59
55.73,58.38,58.48,55.58,1444052412.7,25416900,2024-12-28,2024-12-28 23:59:59
59.04,59.06,59.8,58.08,1899511311.1,32191130,2024-12-30,2024-12-30 23:59:59
59.06,58.13,59.43,57.67,1201295871.3,20546100,2025-01-03,2025-01-03 23:59:59
58.12,58.99,59.1,57.24,622757958.1,10713340,2025-01-06,2025-01-06 23:59:59
59.02,59.65,59.96,58.82,629421754.6,10577870,2025-01-08,2025-01-08 23:59:59
59.8,58.43,60.77,58.21,2109433844.5,35641370,2025-01-09,2025-01-09 23:59:59
58.47,60.99,61.4,58.43,2930939974.7,48670740,2025-01-10,2025-01-10 23:59:59
61.5,60.5,62.28,60.01,2354729672.1,38338150,2025-01-13,2025-01-13 23:59:59
60.5,61.56,62.0,60.06,1915379045.1,31242650,2025-01-14,2025-01-14 23:59:59
61.6,62.25,62.39,60.56,1326344486.0,21570080,2025-01-15,2025-01-15 23:59:59
62.4,61.36,62.49,60.1,1998918258.5,32559910,2025-01-16,2025-01-16 23:59:59
61.3,61.8,61.89,60.68,1078141713.5,17560240,2025-01-17,2025-01-17 23:59:59
62.36,61.45,62.7,60.77,1834062872.6,29600120,2025-01-20,2025-01-20 23:59:59
61.12,61.5,61.8,60.02,1402241550.0,23030170,2025-01-21,2025-01-21 23:59:59
61.7,60.37,62.38,60.12,1755951105.7,28587320,2025-01-22,2025-01-22 23:59:59
60.22,60.89,61.0,59.21,2008970625.0,33574760,2025-01-23,2025-01-23 23:59:59
60.99,61.86,62.3,60.63,2175862741.2,35262080,2025-01-24,2025-01-24 23:59:59
61.86,60.15,61.96,59.88,1338167311.0,21918920,2025-01-27,2025-01-27 23:59:59
60.15,61.11,61.84,58.61,2134334879.2,35463990,2025-01-28,2025-01-28 23:59:59
61.18,62.19,62.37,60.12,2415177062.0,39441770,2025-01-29,2025-01-29 23:59:59
62.18,64.43,64.58,61.7,7137681859.4,112680510,2025-01-30,2025-01-30 23:59:59
64.51,63.86,65.8,62.9,5342172379.4,82781720,2025-01-31,2025-01-31 23:59:59
63.86,63.96,64.45,62.64,3478078618.9,54878760,2025-02-03,2025-02-03 23:59:59
64.14,62.66,64.45,62.31,1880935547.0,29698520,2025-02-04,2025-02-04 23:59:59
62.7,64.73,64.87,61.31,3279509034.4,52001580,2025-02-05,2025-02-05 23:59:59
64.75,64.35,65.2,63.45,2269661579.1,35260480,2025-02-06,2025-02-06 23:59:59
64.35,64.25,64.6,63.6,919812375.7,14338490,2025-02-07,2025-02-07 23:59:59
64.32,64.81,65.85,64.28,2804626273.1,43067960,2025-02-10,2025-02-10 23:59:59
64.6,64.67,65.17,64.14,1749556600.5,27057610,2025-02-11,2025-02-11 23:59:59
64.75,69.39,69.7,62.71,8094053196.2,122578260,2025-02-12,2025-02-12 23:59:59
69.39,67.97,69.7,66.0,4296270881.3,63279740,2025-02-13,2025-02-13 23:59:59
68.01,68.94,72.1,66.48,9966978654.2,142936840,2025-02-14,2025-02-14 23:59:59
70.62,74.51,74.6,70.25,7537941202.5,103745000,2025-02-17,2025-02-17 23:59:59
74.94,71.89,75.09,71.01,7328863708.5,100871420,2025-02-18,2025-02-18 23:59:59
72.0,75.03,75.36,71.7,5671829779.2,76983200,2025-02-19,2025-02-19 23:59:59
75.0,77.07,78.45,74.28,7972693619.6,103717130,2025-02-20,2025-02-20 23:59:59
76.82,76.22,77.9,74.57,4697178316.9,61820560,2025-02-21,2025-02-21 23:59:59
76.31,76.95,77.48,75.4,3232246646.9,42251950,2025-02-24,2025-02-24 23:59:59
76.95,77.22,78.17,76.44,2933761058.6,38001490,2025-02-25,2025-02-25 23:59:59
77.38,74.69,78.2,73.65,4881621459.4,64674650,2025-02-26,2025-02-26 23:59:59
74.8,71.51,74.86,71.4,4093842702.2,55975060,2025-02-27,2025-02-27 23:59:59
71.27,73.59,74.99,69.62,10940831712.9,150636800,2025-02-28,2025-02-28 23:59:59
73.65,73.81,73.94,73.58,92569775.99999996,1254160,2025-03-01,2025-03-01 23:59:56
73.79,72.93,73.79,72.53,150961075.19999993,2062040,2025-03-02,2025-03-02 23:59:59
72.97,73.98,75.17,70.35,9233220399.599995,126057060,2025-03-03,2025-03-03 23:59:52
74.1,76.35,76.9,74.05,5787198948.800004,76353040,2025-03-04,2025-03-04 23:59:56
76.45,74.2,76.69,73.83,2939367827.0000014,39055620,2025-03-05,2025-03-05 23:59:55
74.2,73.82,74.95,72.94,1889354315.899999,25544700,2025-03-06,2025-03-06 23:59:51
73.81,75.1,76.81,72.56,7631346922.800006,101652380,2025-03-07,2025-03-07 23:59:55
75.35,74.71,75.72,74.41,1536197132.0000012,20499260,2025-03-10,2025-03-10 23:59:56
74.7,74.26,75.3,73.27,1967634591.7999997,26418700,2025-03-11,2025-03-11 23:59:55
74.22,73.2,74.46,72.79,1522182161.8999996,20772840,2025-03-12,2025-03-12 23:59:55
73.2,73.87,74.97,71.5,3317341844.699995,45502790,2025-03-13,2025-03-13 23:59:56
73.5,74.56,75.0,72.65,2069640005.8999999,28082490,2025-03-14,2025-03-14 23:59:55
74.56,74.72,74.87,74.53,62979000.700000025,843180,2025-03-15,2025-03-15 23:59:56
74.63,75.95,75.99,74.57,209696767.30000025,2777020,2025-03-16,2025-03-16 23:59:56
75.86,76.35,77.15,75.02,2439885880.8000026,31975080,2025-03-17,2025-03-17 23:59:57
76.5,75.44,77.5,75.15,3416938816.4000025,44751120,2025-03-18,2025-03-18 23:59:56
75.46,76.05,76.44,74.75,1381066686.7000005,18266370,2025-03-19,2025-03-19 23:59:55
76.38,75.8,76.38,75.0,1011614177.299999,13388310,2025-03-20,2025-03-20 23:59:59
75.57,75.48,76.1,74.61,1027404899.6999989,13632760,2025-03-21,2025-03-21 23:59:55
75.22,74.36,75.48,73.6,1131791754.7999995,15165180,2025-03-24,2025-03-24 23:59:56
74.42,74.6,75.18,72.92,1241800182.0999978,16767990,2025-03-25,2025-03-25 23:59:55
74.72,73.25,74.88,73.17,692636444.4000007,9366530,2025-03-26,2025-03-26 23:59:59
73.3,71.0,73.32,70.89,1454930473.1000009,20205020,2025-03-27,2025-03-27 23:59:56
70.93,67.21,70.95,66.99,2509467506.200004,36346070,2025-03-28,2025-03-28 23:59:56
66.5,66.45,66.9,66.45,76906905.8,1156500,2025-03-29,2025-03-29 23:59:56
66.45,66.45,66.7,66.45,37001233.49999999,556540,2025-03-30,2025-03-30 23:59:56
66.0,69.63,69.82,65.28,2443944246.4000044,35570370,2025-03-31,2025-03-31 23:59:56
69.9,66.02,70.7,64.5,3225795680.6000013,47400110,2025-04-01,2025-04-01 23:59:55
66.06,67.43,67.9,65.24,2266985212.800003,34076100,2025-04-02,2025-04-02 23:59:55
67.43,70.36,70.59,64.11,2593066787.9000006,38784250,2025-04-03,2025-04-03 23:59:56
70.9,66.46,71.5,65.1,6077423522.100003,90005920,2025-04-04,2025-04-04 23:59:57
66.31,65.56,66.31,64.12,469588327.80000013,7222560,2025-04-05,2025-04-05 23:59:56
65.69,66.48,66.66,65.26,252283730.80000016,3811070,2025-04-06,2025-04-06 23:59:57
64.99,64.07,65.64,61.23,4681464569.000002,73835400,2025-04-07,2025-04-07 23:59:49
64.83,62.33,66.18,61.56,2573445490.1000004,39964700,2025-04-08,2025-04-08 23:59:51
62.1,67.76,68.2,60.41,5301054149.900001,83100670,2025-04-09,2025-04-09 23:59:53
68.0,67.13,70.43,66.4,4272613314.199996,62828830,2025-04-10,2025-04-10 19:04:15
67.29,69.6,70.59,66.91,5303367942.499994,76682850,2025-04-11,2025-04-11 23:59:55
69.92,71.14,71.39,69.81,675759320.0000006,9554950,2025-04-12,2025-04-12 23:59:56
71.09,71.4,71.4,70.76,327892306.4,4610370,2025-04-13,2025-04-13 23:59:56
71.4,68.69,71.4,67.83,2279193557.4999995,32898400,2025-04-14,2025-04-14 23:59:55
68.73,69.35,69.61,68.01,1396042411.1000013,20243030,2025-04-15,2025-04-15 23:59:55
69.26,69.35,70.35,68.21,1429136388.1999996,20618280,2025-04-16,2025-04-16 23:59:55
69.37,71.15,71.17,69.12,1345192223.6000004,19219930,2025-04-17,2025-04-17 23:59:55
70.0,70.18,71.12,68.71,2140222341.7,30588660,2025-04-18,2025-04-18 23:59:55
70.67,72.45,73.0,70.47,3186533528.399997,44269920,2025-04-21,2025-04-21 23:59:55
72.5,73.49,75.0,71.85,2405409450.8000007,32850470,2025-04-22,2025-04-22 23:59:55
73.5,72.73,74.02,70.8,2611928292.999998,36207360,2025-04-23,2025-04-23 23:59:55
72.93,72.17,73.95,71.73,1578648108.399998,21677300,2025-04-24,2025-04-24 23:59:59
72.23,74.54,74.77,72.23,2649183689.6,35838920,2025-04-25,2025-04-25 23:59:55
74.78,74.31,75.48,73.4,735970357.3999999,9844580,2025-04-26,2025-04-26 23:59:56
74.56,74.87,75.04,74.13,219520957.90000007,2938700,2025-04-27,2025-04-27 23:59:57
74.71,73.5,75.0,72.52,2519809167.9999967,34145080,2025-04-28,2025-04-28 23:59:57
73.5,70.79,73.76,69.75,1822920057.3999999,25456680,2025-04-29,2025-04-29 23:59:56
70.79,71.12,72.2,68.2,3044250269.700003,43247560,2025-04-30,2025-04-30 23:59:56
70.68,67.22,70.96,67.1,1152641084.2000008,16739230,2025-05-02,2025-05-02 23:59:55
67.23,67.56,68.02,66.88,181091977.30000007,2680110,2025-05-03,2025-05-03 23:59:57
67.5,68.27,68.94,67.5,260300847.7000005,3805570,2025-05-04,2025-05-04 23:59:57
68.38,68.04,68.65,66.7,1176980610.8000002,17408080,2025-05-05,2025-05-05 23:59:56
68.05,68.86,69.77,67.29,1171935407.0000002,17008330,2025-05-06,2025-05-06 23:59:59
68.73,69.83,70.34,68.72,1322493626.1999981,18937080,2025-05-07,2025-05-07 23:59:54
69.83,69.95,70.85,69.8,678774081.7,9651870,2025-05-08,2025-05-08 23:59:54
70.11,70.07,70.37,69.8,70497875.00000006,1006410,2025-05-10,2025-05-10 23:59:57
71.0,71.04,72.03,70.63,361239212.5999998,5062370,2025-05-11,2025-05-11 23:59:56
71.3,72.1,72.97,71.11,1162462697.900002,16100660,2025-05-12,2025-05-12 23:59:51
72.16,71.29,72.38,71.16,763440759.300001,10652260,2025-05-13,2025-05-13 23:59:55
71.27,68.56,71.54,68.5,1213769015.8999994,17230550,2025-05-14,2025-05-14 23:59:55
68.5,70.13,70.19,68.5,1608611006.5000007,23192250,2025-05-15,2025-05-15 23:59:55
70.12,69.16,70.14,67.12,2076088446.2000012,30215820,2025-05-16,2025-05-16 23:59:55
69.15,70.51,70.64,69.12,239512345.39999998,3428910,2025-05-17,2025-05-17 23:59:57
71.27,71.24,71.27,70.6,334320856.0,4704670,2025-05-18,2025-05-18 23:59:57
70.91,69.8,71.33,69.44,1349469591.5999994,19208930,2025-05-19,2025-05-19 23:59:55
70.0,68.82,70.0,68.56,514435439.59999967,7437420,2025-05-20,2025-05-20 23:59:59
68.84,68.01,68.86,67.79,657376203.9,9636790,2025-05-21,2025-05-21 23:59:55
68.02,67.25,68.33,66.43,1198168103.8000007,17822100,2025-05-22,2025-05-22 23:59:57
67.01,67.09,68.15,66.75,686355907.3999994,10189370,2025-05-23,2025-05-23 23:59:55
67.01,64.31,67.1,64.22,1526835864.299998,23458110,2025-05-26,2025-05-26 23:59:56
64.2,65.25,65.25,62.55,1612071372.7000008,25232880,2025-05-27,2025-05-27 23:59:54
65.47,67.56,68.0,65.26,1431384715.0000005,21462320,2025-05-28,2025-05-28 23:59:55
67.66,66.26,67.97,66.0,1080219307.8000002,16083490,2025-05-29,2025-05-29 23:59:55
66.26,68.53,68.89,65.55,2969733254.500001,43699980,2025-05-30,2025-05-30 23:59:56
68.65,68.45,69.0,68.16,130108997.19999991,1897590,2025-05-31,2025-05-31 23:59:56
68.1,66.55,68.3,66.43,588836040.5,8789940,2025-06-01,2025-06-01 23:59:57
66.3,66.59,67.9,65.71,2554843605.2,38279960,2025-06-02,2025-06-02 23:59:56
66.8,67.24,67.58,66.33,1821212521.5000002,27172470,2025-06-03,2025-06-03 23:59:55
67.59,65.87,67.59,65.6,1991537707.7000017,29929230,2025-06-04,2025-06-04 23:59:56
65.63,66.23,66.7,65.04,1453339599.5999985,21988200,2025-06-05,2025-06-05 23:59:54
66.3,64.55,67.4,64.07,1788309506.7999997,27101200,2025-06-06,2025-06-06 23:59:58
64.98,65.19,65.25,64.89,66772174.60000006,1025270,2025-06-07,2025-06-07 23:59:57
65.13,65.06,65.24,64.7,63514534.59999999,977990,2025-06-08,2025-06-08 23:59:57
65.1,65.22,65.7,64.5,1191431888.5000014,18326570,2025-06-09,2025-06-09 23:59:56
65.23,66.14,66.2,64.59,1582687319.899999,24169090,2025-06-10,2025-06-10 23:59:55
66.22,65.86,67.16,65.62,1855985623.8,27926880,2025-06-11,2025-06-11 23:59:59
66.15,64.61,66.38,64.42,703728773.4999987,10775440,2025-06-13,2025-06-13 23:59:56
64.71,65.14,65.17,64.71,84655898.4,1302180,2025-06-14,2025-06-14 23:59:56
65.14,65.25,65.36,64.78,97584120.5,1498690,2025-06-15,2025-06-15 23:59:57
65.15,63.41,65.99,63.3,1636751923.0000017,25381910,2025-06-16,2025-06-16 23:59:51
63.42,63.85,64.87,63.07,1310866767.1999972,20469110,2025-06-17,2025-06-17 23:59:55
64.14,64.93,65.65,63.71,1602106099.9000006,24735900,2025-06-18,2025-06-18 23:59:55
64.93,64.13,65.4,63.8,1683605983.2000034,26151930,2025-06-19,2025-06-19 23:59:59
64.16,63.88,64.58,63.54,1009279432.5,15741940,2025-06-20,2025-06-20 23:59:54
63.77,62.59,63.95,62.22,1250311122.9000008,19932270,2025-06-23,2025-06-23 23:59:55
62.6,65.18,65.19,62.59,2770505303.1999993,43236750,2025-06-24,2025-06-24 23:59:59
65.25,65.21,65.88,64.67,1357564253.5000002,20781060,2025-06-25,2025-06-25 23:59:56
65.21,65.07,65.44,64.71,580861297.7999992,8928370,2025-06-26,2025-06-26 23:59:54
65.09,66.21,66.37,64.73,811132525.3000003,12357290,2025-06-27,2025-06-27 23:59:59
66.25,66.34,66.49,66.15,61953908.80000004,934060,2025-06-28,2025-06-28 23:59:57
66.31,66.39,66.64,66.21,120957063.6,1821250,2025-06-29,2025-06-29 23:59:59
66.39,66.33,66.89,65.78,873181416.3999987,13132140,2025-06-30,2025-06-30 23:59:56
66.4,65.51,66.9,64.87,1384424977.800002,21107170,2025-07-01,2025-07-01 23:59:54
65.78,65.93,66.1,64.32,1597888497.6000006,24509070,2025-07-02,2025-07-02 23:59:55
66.04,65.09,66.75,64.8,1088231637.2999992,16535870,2025-07-03,2025-07-03 23:59:55
64.8,64.44,65.06,63.72,773066485.1999993,11977930,2025-07-04,2025-07-04 23:59:55
64.41,64.65,64.8,64.34,31935752.999999985,493910,2025-07-05,2025-07-05 23:59:56
64.54,64.57,64.76,64.5,24839698.100000013,384550,2025-07-06,2025-07-06 23:59:56
64.2,63.12,64.48,62.85,1201246115.1999989,18967710,2025-07-07,2025-07-07 23:59:55
63.12,62.56,63.63,62.34,1124830546.7999976,17849790,2025-07-08,2025-07-08 23:59:55
62.63,62.03,63.2,61.77,1011791063.3999996,16201330,2025-07-09,2025-07-09 23:59:56
62.41,62.3,62.45,61.0,1309166165.1999998,21216260,2025-07-10,2025-07-10 23:59:56
62.3,59.17,62.48,58.62,1931150492.9000013,31855440,2025-07-11,2025-07-11 23:59:56
59.17,59.33,59.56,59.1,70526919.39999996,1188650,2025-07-12,2025-07-12 23:59:56
59.29,58.37,59.55,58.0,255541462.60000023,4374050,2025-07-13,2025-07-13 23:59:57
58.29,61.24,61.29,57.27,1778135934.9000018,30036450,2025-07-14,2025-07-14 23:59:57
61.27,60.42,61.77,59.76,1001334117.6999998,16460260,2025-07-15,2025-07-15 23:59:56
60.44,60.34,61.1,60.1,830507920.2000005,13699800,2025-07-16,2025-07-16 23:59:55
60.32,61.93,62.79,60.3,2353678313.200001,38069890,2025-07-17,2025-07-17 23:59:56
57.5,60.13,60.24,57.3,1917940027.9999986,32616350,2025-07-18,2025-07-18 23:59:56
60.13,60.33,60.79,60.07,149984573.20000026,2482300,2025-07-19,2025-07-19 23:59:57
60.86,60.71,60.92,60.39,101848421.49999997,1680570,2025-07-20,2025-07-20 23:59:57
60.71,59.4,61.05,59.2,1641033110.4999993,27455730,2025-07-21,2025-07-21 23:59:57
59.4,58.71,59.81,58.43,1491979284.7,25331950,2025-07-22,2025-07-22 23:59:59
58.74,59.25,59.69,58.71,1108399148.4000003,18686870,2025-07-23,2025-07-23 23:59:59
59.07,59.03,59.47,58.67,554864540.3000001,9413510,2025-07-24,2025-07-24 23:59:55
59.1,58.58,59.5,58.34,886504684.0000006,15065620,2025-07-25,2025-07-25 23:59:57
58.77,58.86,58.94,58.62,47143002.80000001,801770,2025-07-26,2025-07-26 23:59:57
58.86,58.91,58.94,58.74,18087067.20000002,307270,2025-07-27,2025-07-27 23:59:57
58.92,56.53,59.05,55.7,6273007631.500004,110422980,2025-07-28,2025-07-28 23:59:58
56.59,57.07,57.95,56.08,3329435448.299995,58364970,2025-07-29,2025-07-29 23:59:55
57.1,56.88,57.67,56.54,1921931055.3999987,33652040,2025-07-30,2025-07-30 23:59:59
56.9,56.98,57.24,56.34,1161721607.2999992,20422220,2025-07-31,2025-07-31 23:59:55
57.06,56.98,57.73,56.6,1028064995.4999999,17980870,2025-08-01,2025-08-01 23:59:56
57.1,57.18,57.34,56.56,1310711615.000001,23002040,2025-08-04,2025-08-04 23:59:56
57.23,57.13,57.4,56.4,1389231783.9999995,24410690,2025-08-05,2025-08-05 23:59:54
57.24,58.91,59.88,56.66,5736844411.800007,98572910,2025-08-06,2025-08-06 23:59:51
59.01,61.27,62.15,58.52,6964024468.400019,114457050,2025-08-07,2025-08-07 23:59:56
61.41,63.87,63.99,60.51,3978687867.200001,64149300,2025-08-08,2025-08-08 23:59:59
65.06,65.49,66.5,64.32,5501215655.099999,83765400,2025-08-11,2025-08-11 23:59:57
65.5,67.85,67.94,64.62,6408503749.599996,96218750,2025-08-12,2025-08-12 23:59:54
67.92,68.14,68.89,67.08,5120546955.900007,75372100,2025-08-13,2025-08-13 23:59:59
68.2,68.28,68.9,66.7,5731193136.8,84465450,2025-08-14,2025-08-14 23:59:59
68.55,69.27,69.97,67.77,5004699591.299993,72911650,2025-08-15,2025-08-15 23:59:51
67.5,67.25,67.88,67.25,1132017487.1000004,16797050,2025-08-16,2025-08-16 23:59:56
67.25,67.25,67.33,67.25,74242400.4,1103930,2025-08-17,2025-08-17 23:59:57
66.59,68.8,70.62,65.8,4825801405.3,71047310,2025-08-18,2025-08-18 23:59:56
69.03,67.33,69.23,66.87,3971874472.6999974,58388370,2025-08-19,2025-08-19 23:59:55
67.44,65.86,67.67,65.5,2639587360.3999968,39845140,2025-08-20,2025-08-20 23:59:59
65.72,63.32,65.98,62.42,4553251595.999992,71023390,2025-08-21,2025-08-21 23:59:56
63.42,63.45,63.84,62.64,2727549559.000001,43084500,2025-08-22,2025-08-22 23:59:55
63.45,63.4,63.59,63.22,86139674.50000007,1358720,2025-08-23,2025-08-23 23:59:57
63.3,62.92,63.39,62.73,155026178.9000001,2461650,2025-08-24,2025-08-24 23:59:56
62.84,61.89,63.03,61.35,2371832897.7000017,38305680,2025-08-25,2025-08-25 23:59:51
62.19,62.83,63.25,62.0,2011888229.1,32086340,2025-08-26,2025-08-26 23:59:55
62.9,63.5,63.97,62.41,1683280732.3000014,26548260,2025-08-27,2025-08-27 23:59:59
63.61,62.36,63.83,61.8,1672563038.3,26590650,2025-08-28,2025-08-28 23:59:55
62.74,62.21,62.76,61.56,1471478476.9000013,23658620,2025-08-29,2025-08-29 23:59:55
62.13,62.31,62.38,61.95,75953331.50000001,1222180,2025-08-30,2025-08-30 23:59:57
62.31,62.32,62.53,62.11,87411988.60000002,1401890,2025-08-31,2025-08-31 23:59:56
62.35,61.26,62.94,61.2,959375646.3999989,15437580,2025-09-01,2025-09-01 23:59:55
61.34,60.38,61.64,59.54,1921880390.7999997,31790630,2025-09-02,2025-09-02 23:59:56
60.5,61.67,61.85,59.88,1941866273.1999998,31849230,2025-09-03,2025-09-03 23:59:59
61.7,62.21,62.77,61.37,2443707725.5000052,39336730,2025-09-04,2025-09-04 23:59:54
62.25,62.11,62.64,61.86,976634036.0,15699850,2025-09-05,2025-09-05 23:59:59
62.19,61.97,62.24,61.89,51629245.30000007,832180,2025-09-06,2025-09-06 23:59:56
62.1,62.16,62.26,61.97,42111704.70000002,677660,2025-09-07,2025-09-07 23:59:57
62.19,63.08,63.48,62.05,1649041088.6000004,26170460,2025-09-08,2025-09-08 23:59:55
63.15,62.89,63.7,62.75,1173498967.600001,18571020,2025-09-09,2025-09-09 23:59:59
62.99,61.79,62.99,61.35,1339932919.8000011,21584060,2025-09-10,2025-09-10 23:59:55
61.8,62.41,62.96,61.0,2692179979.9000034,43370470,2025-09-11,2025-09-11 23:59:59
62.41,60.07,62.6,59.82,2075933359.8000007,34063240,2025-09-12,2025-09-12 23:59:59
60.0,60.14,60.29,59.9,74329923.09999998,1236160,2025-09-13,2025-09-13 23:59:56
60.14,60.54,60.58,60.07,124475259.19999994,2062760,2025-09-14,2025-09-14 23:59:56
60.62,60.01,60.79,59.38,1250700214.9999967,20845740,2025-09-15,2025-09-15 23:59:59
60.01,60.13,61.03,59.24,1488270808.799999,24723800,2025-09-16,2025-09-16 23:59:55
60.14,61.0,61.01,59.81,1122182535.7999997,18579470,2025-09-17,2025-09-17 23:59:59
61.11,59.54,61.61,58.78,1527301401.0999992,25432510,2025-09-18,2025-09-18 23:59:59
59.6,58.3,60.0,58.03,1720393270.5999968,29252420,2025-09-19,2025-09-19 23:59:59
58.26,58.65,58.93,57.5,1564324544.0999994,26879500,2025-09-22,2025-09-22 23:59:56
58.89,56.26,59.0,55.86,1937937116.8000014,33573600,2025-09-23,2025-09-23 23:59:59
56.36,56.83,57.36,55.56,1644914336.5000007,29032490,2025-09-24,2025-09-24 23:59:55
56.83,55.84,57.19,55.27,961187809.4999994,17116020,2025-09-25,2025-09-25 23:59:54
55.84,55.86,56.27,55.03,1255676053.1000001,22605140,2025-09-26,2025-09-26 23:59:54
55.84,55.82,56.1,55.71,40753373.8,728480,2025-09-27,2025-09-27 23:59:57
55.86,55.51,55.99,55.22,58190309.70000002,1045040,2025-09-28,2025-09-28 23:59:57
55.58,54.68,56.6,54.0,1626470378.0000012,29328460,2025-09-29,2025-09-29 23:59:55
54.96,54.34,55.1,54.07,963205620.9999996,17668670,2025-09-30,2025-09-30 23:59:59
54.41,53.24,54.87,52.96,1457205820.3000004,27119610,2025-10-01,2025-10-01 23:59:54
53.43,52.29,53.47,52.06,1199016669.7999988,22780100,2025-10-02,2025-10-02 23:59:59
52.6,51.05,52.88,51.0,1452259764.2999997,28127130,2025-10-03,2025-10-03 23:59:59
51.05,50.49,51.06,50.07,357758229.60000026,7100230,2025-10-04,2025-10-04 23:59:57
50.75,50.81,50.84,50.22,175812226.50000003,3479230,2025-10-05,2025-10-05 23:59:57
50.96,52.29,52.39,50.6,1464088347.399997,28407070,2025-10-06,2025-10-06 23:59:55
52.0,53.27,53.28,51.0,1416395214.3999958,26905430,2025-10-07,2025-10-07 23:59:54
53.27,50.75,53.54,50.31,1706953234.5000005,32973110,2025-10-08,2025-10-08 23:59:51
50.99,52.39,52.48,49.57,2092328987.6999989,40855560,2025-10-09,2025-10-09 23:59:55
52.51,51.19,52.58,50.82,1077155082.8000011,20818340,2025-10-10,2025-10-10 23:59:55
51.14,51.32,51.44,50.61,67775657.50000007,1325920,2025-10-11,2025-10-11 22:57:22
