,log_return,volume_zscore_20,volume_zscore_60,volume_ratio_20,volume_spike,vp_position,vp_width_pct,vp_above_va,dist_to_sma_20,dist_to_sma_50,dist_to_sma_200,dist_to_ema_20,dist_to_ema_50,sma_20_slope_norm,sma_50_slope_norm,momentum_10,momentum_20,rsi_14,price_position_ma,trend_signal,trend_strength,day_of_week,day_of_month,week_of_month,is_month_end,is_month_start,overnight_gap,overnight_gap_zscore,rv_5d,rv_10d,rv_20d,rv_30d,rv_60d,ewma_vol_10d,ewma_vol_20d,parkinson_vol_10d,parkinson_vol_20d,gk_vol_10d,gk_vol_20d,vol_ratio_5_20,vol_ratio_park_rv,vol_ratio_20_60,up_vol_20d,down_vol_20d,vol_asymmetry_20d,vol_momentum_5d,vol_momentum_10d,beta_30d,correlation_30d,index_vol_30d,beta_60d,correlation_60d,index_vol_60d,beta_change,ivr,opm,vds,pocs,irr,hvc,sector_encoded,liquidity_rank,is_blue_chip,lot_size_log
log_return,1.0,0.018319976643795553,0.015141773686436861,0.010706161186466143,0.02116557358968424,0.06909701665201816,-0.036963871125807575,0.2627580887277025,0.3602054491908597,0.23283265391063976,0.11238035119544647,0.3987219820362337,0.2588021700532145,0.047777280802333955,0.044571586094590436,0.3072520563202531,0.2254131301462206,0.21533352820112772,0.18787172499952898,0.02932537923584956,-0.0001768238377515757,-0.012461185371434017,-0.008828775316685264,-0.0031627107914572565,0.026535162657578652,0.01632070843138111,0.35389225802774454,0.2619347039575916,-0.12644688935524262,-0.0822002596470345,-0.0724164818654484,-0.05905376913534017,-0.04766075553538911,-0.12122838992191139,-0.09766338931970871,-0.07402401076341836,-0.06539065609243368,-0.06129282295412342,-0.05836059331051098,-0.012686859085101998,-0.007847166077735713,-0.011710942083891483,0.06970020678244963,-0.12996799230521047,-0.18793330845100117,-0.17319881303220935,-0.10123332199914789,0.011422511563586034,-0.001513686215162723,-0.04281797019882137,0.018150523885415402,0.0006681178006398972,-0.03616800978595837,0.0011507516423887876,-0.5042799907029354,0.24978135058324566,0.37743826666259295,0.027017597602228008,-0.10187208401716748,0.006526347382083311,-0.007963032641547024,-0.002126077868787029,-0.00030924631177078036,-0.005349034609729403
volume_zscore_20,0.018319976643795553,1.0,0.8660648652362203,0.8906771536753367,0.6736040657043906,0.0656950779305015,-0.03060267896687015,0.0631862117919851,0.04823740281195186,0.036916002513804204,0.0055215527362830275,0.047255406990140206,0.03331425552924382,0.012924662091829076,0.018289385824745173,0.020806505901521485,0.028543800786145285,0.03846344027670214,0.04513650664389022,-0.0033377466869600214,-0.06261203000356756,-0.14019272315984957,0.03388404512816439,0.02991819598693502,0.011532339042390864,-0.020410130580362323,-0.04853062092510426,-0.021441116591768308,0.1372169672661847,0.04637521283226792,-0.03390242444594045,-0.045079982538734784,-0.040777822883592926,0.08441613671670918,0.01757956160192701,0.030528328980458284,-0.047435830267595035,0.018122971008910638,-0.05508219136641016,0.32535156765327544,-0.025507151491517086,0.004853716295039643,-0.02845170694323225,-0.03580149978428743,0.004852402277123323,0.18604777035001582,0.09688608288610999,-0.007399641421394495,0.01596384344586971,-0.05280955489951249,-0.007015761721267972,-0.003213429319322436,-0.04134905479409829,0.006571868957243428,0.351095040083586,0.002026119055487284,0.011678022103363902,0.1364304679470559,0.04607512604730731,-0.14846869686856726,0.0006881093793050408,-0.002004806209335487,0.0005436614481269833,-0.011238281382386642
volume_zscore_60,0.015141773686436861,0.8660648652362203,1.0,0.8574371675698401,0.623439997376393,0.10019407081135635,0.017769512475880416,0.09597279063488087,0.08160381535350274,0.08737986777698473,0.01609002198388482,0.08061219222092131,0.07642760785905463,0.02819627636989095,0.030606937690397972,0.04013793833941978,0.06480221644345502,0.08474180524379885,0.0896913515759603,0.041817724914467856,0.0003506958340218842,-0.12507648707926125,0.02295591859958962,0.018064148167991238,0.010535927459370225,-0.009499218359355292,-0.061322730713548476,-0.022525999722219584,0.21118140507601196,0.12887721622813836,0.04395329589456239,-0.00025087957335246855,-0.06015634025865375,0.16639653194643794,0.08468282208847712,0.11175418920933648,0.022467502133242986,0.0965819704594122,0.009907254888868317,0.30933660180493416,-0.0876583497474022,0.2254789851488818,0.06995677511058507,0.014605886764071778,0.005147310421895702,0.2478781312999815,0.18472462948810445,0.034523937580191684,0.012499005272681699,-0.06296943465521682,0.019148415359603745,-0.0005551398928337954,-0.10058651051903851,-0.030860959375290292,0.3904542033874819,-0.0008738026237271597,0.011884620060474508,0.10152950404495037,0.054564770659749295,-0.108673532979007,0.003472855371480239,0.0046465035055023125,-0.010198476079731723,-0.014864390322280591
volume_ratio_20,0.010706161186466143,0.8906771536753367,0.8574371675698401,1.0,0.6572596485116412,0.08931999406124638,-0.042345918057349954,0.08049677298239384,0.07846077508043699,0.06402727682949563,0.015017718448986259,0.0778559299921364,0.058369213602827395,0.029106127053586398,0.02618500771084868,0.036803268150358344,0.04834522894592413,0.055805886939380024,0.05911244121864282,0.0027173576204973984,-0.07527683550692024,-0.13884137237543653,0.025238498996725586,0.02433480936602077,0.004563292343662942,-0.009524398102755809,-0.04344736169673827,-0.014612452914909294,0.17080758215188677,0.0644563058341217,-0.03502072645458623,-0.04578318257597481,-0.04293438235634716,0.10677820746966056,0.028883392806080817,0.04349788642071515,-0.05242330717452387,0.027266090182215874,-0.06289483470905251,0.3306157657437484,-0.027586023689434143,0.00819234557413231,-0.023201413535462668,-0.04260961874938882,0.006577648878317267,0.241355739824315,0.12379338884439313,-2.385154027295767e-05,0.013204245566276461,-0.07049372984335443,0.0028551232760776844,-0.004776549268944845,-0.055501737309035036,0.006555282256036365,0.4502479174443639,0.0033148583207318356,0.0042476122234555444,0.11772135403614475,0.048098226913173454,-0.14480980656721135,0.009714133440823306,0.011899978769892666,-0.012130138674042416,-0.008251403771116416
volume_spike,0.02116557358968424,0.6736040657043906,0.623439997376393,0.6572596485116412,1.0,-0.03373287840816549,-0.018567662234832957,0.028115036240510774,0.032555787636961646,0.02291702309533201,-0.000502532305229397,0.031802088335837767,0.019263471928359602,0.006698671572966771,0.005838237692404088,0.015454589710750928,0.01586053112240887,0.025563833801176827,0.031474638725330545,-0.004865745791789153,-0.025872756916374147,-0.0316343375123192,0.008534663169048303,0.0048460839463824595,-0.0006125464796663364,-0.005485682389726738,-0.03352674352389493,-0.025212280978348676,0.09570256345201303,0.04279919382072346,-0.001913560391255259,-0.008861844321688881,-0.0064184373772193225,0.07166939124645928,0.031588185559610536,0.03559763005986409,-0.0063410495425899995,0.028353692134178144,-0.01009988589559709,0.19019408094078466,-0.01368566990424642,0.01131598681830254,0.0040965429672079725,-0.006973731548291487,0.005087859825695169,0.12794878029743925,0.061190239823222706,-0.010947210762459903,0.010515999765571573,-0.017492982217550246,-0.005545491199196489,0.004240103330068641,-0.010098982587086207,0.011573967992900365,0.24677773966224376,0.00027796927552365444,0.018929325549079768,0.05579498120240214,0.09776837843003283,0.06877022008474427,0.005451382115851241,0.008583982072951074,-0.008215711889865,-0.003825292282700083
vp_position,0.06909701665201816,0.0656950779305015,0.10019407081135635,0.08931999406124638,-0.03373287840816549,1.0,-0.10758427185009216,0.33416592876305434,0.13987890904369446,0.11147012993078541,0.06969223109329394,0.13964922474012856,0.11898641098949204,0.061847029038113836,0.04801331384372295,0.1251000417170321,0.11050249886819803,0.20368647582813573,0.18888818609089905,0.08245151244342395,-0.047037423167594954,-0.020510155103089654,-0.007014569169548775,-0.006487189812106812,-0.0006186304602174222,0.0019114885871866255,0.040073504956873084,0.04280127207978148,-0.08224904764656245,-0.08532075587641196,-0.08713448615505094,-0.08912042086821485,-0.0943113969511063,-0.09166267162070525,-0.09514172403623056,-0.12340435726042087,-0.12399766723740656,-0.12919716903379702,-0.1305336294891381,-0.025957470010491833,-0.13802737284131994,-0.008959518036570711,-0.06787673020508848,-0.08159601657800707,-0.06782032653926494,-0.03378817453423749,-0.03289531204975695,0.011897979774599918,-0.0701102151018165,-0.1418202663151282,0.05058594983155625,-0.023281277383654868,-0.12133191759824002,0.033274823522554994,-0.10280437310148281,0.1135572487353064,0.1881819720321405,-0.05020065644849487,-0.045096437159083916,0.01574304454062425,-0.02508821446113157,-0.026584482311024706,0.01278692224978524,-0.034542816165361256
vp_width_pct,-0.036963871125807575,-0.03060267896687015,0.017769512475880416,-0.042345918057349954,-0.018567662234832957,-0.10758427185009216,1.0,-0.0915736897741199,-0.3255707379809045,-0.2988103154894418,-0.243690269815725,-0.379925507245461,-0.32163233659092283,-0.7875897275900388,-0.5529555083651584,-0.321951466507681,-0.47054039883841975,-0.0938709763191825,-0.09573904562359402,-0.10186984065469118,0.4298533831257323,0.0010980376748987053,-0.00581411400286431,-0.008285407413290315,0.00929991957400374,0.01133816187527642,0.025650664782314172,0.012630805585602256,0.4438542391313828,0.6270604049406878,0.8105307206356527,0.7252672307125813,0.5499020556453701,0.7021077169108516,0.7642225938464978,0.5736134765377918,0.7004257895165441,0.5034915703107613,0.5969332891923932,-0.04180041500533108,-0.09561038298040808,0.24411306693945614,0.3645577032537158,0.8460182880227639,0.7300781797307289,0.29506925200238227,0.4900707163211013,0.15432920633342578,0.042826118388550376,0.31472371830050455,0.1002824771650069,0.034559095038298855,0.25224426840758407,-0.11849873969418602,0.086203895156304,-0.02969328720868486,-0.012362088976881536,-0.022337551770064457,0.016651056836702163,0.014985929972367695,0.05348133258740041,0.07146020026874782,-0.060347595323745784,-0.039160605909900115
vp_above_va,0.2627580887277025,0.0631862117919851,0.09597279063488087,0.08049677298239384,0.028115036240510774,0.33416592876305434,-0.0915736897741199,1.0,0.6483412976573562,0.5042841288854957,0.27829156277686407,0.6300445204934996,0.5228492426330543,0.26103497154329425,0.18415300556419348,0.583626201353044,0.4931425559804851,0.722135124284967,0.6480918041580384,0.21083088477235973,0.0004490645040365936,-0.03683027882877677,-0.016369571859915704,-0.017561270057233052,-0.011052159864692773,-0.0019085707839865918,0.10219893087036651,0.10233349522682891,-0.09147256993252122,-0.0889646486130985,-0.07626464742194543,-0.06738875946389176,-0.0738701935854451,-0.09834410385932665,-0.09299052809534795,-0.11797114250530712,-0.09681842868997045,-0.12650723037806613,-0.10350937329941808,-0.04950466550414054,-0.078883734663374,0.0028470561283954463,0.109589128593314,-0.16748013077947405,-0.2769682344353187,-0.07574333863990376,-0.08263460967105982,0.016406849899878582,-0.05132174412408997,-0.0961735591598958,0.05357639961556068,-0.008749324148196652,-0.08906593757596172,0.03079050613453713,-0.03770761305183586,0.09950550781672612,0.16773078568949623,-0.053848337767849544,-0.033623835175703574,0.01986754626673991,-0.023271092889506864,-0.025226179696400914,0.012605197746187714,-0.033769845300034546
dist_to_sma_20,0.3602054491908597,0.04823740281195186,0.08160381535350274,0.07846077508043699,0.032555787636961646,0.13987890904369446,-0.3255707379809045,0.6483412976573562,1.0,0.817062282951497,0.4317906697739629,0.9723416162031671,0.8269296232909085,0.5841829929821749,0.39527158858133926,0.893161129188442,0.849270804297051,0.7854567792297503,0.6603193186819735,0.29584248311064515,-0.06015225022714219,-0.028097398612218896,-0.014933139517457493,-0.013288852634973243,-0.02142059088105208,-0.013978426782034243,0.16350158939595638,0.11604826782324097,-0.2676169384796435,-0.2991782323423771,-0.29230948946727403,-0.2425341112170938,-0.18888236814944567,-0.3271305012101293,-0.3111596538109023,-0.3179149279632205,-0.2908493687096043,-0.31298054703792455,-0.2791326365386227,-0.06267308367042591,-0.029661653127172245,-0.08345724587843532,0.14573155316143255,-0.47054501304965346,-0.5502447771912897,-0.22374717057719865,-0.28411113564337365,-0.017150152271647918,-0.10814143595807202,-0.26394021508517196,0.024104884836902107,-0.07450806924423971,-0.21450697170769348,0.05301949957258427,-0.15262893599042188,0.11994432073716318,0.14730661934652986,-0.04122008988943598,-0.040247387092851,0.025009692499426712,-0.024973766678485006,-0.002910369731279821,-0.006144848061050273,-0.025559413002628907
dist_to_sma_50,0.23283265391063976,0.036916002513804204,0.08737986777698473,0.06402727682949563,0.02291702309533201,0.11147012993078541,-0.2988103154894418,0.5042841288854957,0.817062282951497,1.0,0.6563130218116774,0.8870329480774102,0.9739967602224492,0.626274208031043,0.6520384298651839,0.6696999106617795,0.8449156270576921,0.6597231005728924,0.704836923326728,0.6438308372810114,-0.159913530713124,-0.02611892543377922,-0.008263883733124644,-0.006044207856356354,-0.01411679003737215,-0.00766041556641167,0.09496564402799314,0.05201090659696296,-0.21647602718297554,-0.2571301842360993,-0.30998910946080466,-0.3325808430277637,-0.3085802421440421,-0.29951115620749746,-0.3437614882515966,-0.2850851503654541,-0.32714421301264873,-0.28483167181865404,-0.32356576434529377,-0.019390511876575495,-0.009757554649396299,-0.06661989865126963,0.07232046120400987,-0.46064700072545195,-0.469195566156592,-0.1291848611202284,-0.18046094052276265,-0.029325846801252296,-0.20721213198580435,-0.3972327295763659,0.0065669894765314615,-0.15159918627240357,-0.3522054044546291,0.05462931904654687,-0.11393776001138513,0.0812328035379996,0.09773550457958949,-0.03494316282534108,-0.031240590293966895,0.017927671215896182,-0.030892565732398288,0.006644351582057774,-0.019981075590835014,-0.04290212383601523
dist_to_sma_200,0.11238035119544647,0.0055215527362830275,0.01609002198388482,0.015017718448986259,-0.000502532305229397,0.06969223109329394,-0.243690269815725,0.27829156277686407,0.4317906697739629,0.6563130218116774,1.0,0.5079008834647514,0.7492578905610102,0.36531209851534163,0.5307258323197815,0.34565551557523627,0.4798339889299653,0.38839326817292713,0.46020502492764415,0.5391696690330423,-0.2196302214949874,-0.01723637892057484,-0.008413632409093014,-0.008582425096297877,-0.007739563393561705,-0.005496202027828815,0.033827506627742684,0.01286420816208062,-0.23615866887301434,-0.27820618137537506,-0.3334436624974104,-0.371998885112246,-0.44671671543956465,-0.3135153262643777,-0.37604480176440647,-0.30607523091148475,-0.35380437383938595,-0.3016138251438684,-0.3480738835122494,0.005833936636523674,0.030957518888097516,0.01746135354755487,-0.16213249827775414,-0.3592715067177624,-0.2636314525657412,-0.07207154272375138,-0.10152929686381655,0.030847654072583483,-0.279246695526428,-0.4282312564393921,0.0530865193708266,-0.3155504712126203,-0.4971454147805736,0.01957680534368533,-0.09431519171940984,0.06534129331529044,0.08336156784705646,-0.0558027492307155,0.007181784471060362,0.06640442970815538,-0.07085244740557368,0.021036443782437995,-0.042603816844930656,-0.07107608349573225
dist_to_ema_20,0.3987219820362337,0.047255406990140206,0.08061219222092131,0.0778559299921364,0.031802088335837767,0.13964922474012856,-0.379925507245461,0.6300445204934996,0.9723416162031671,0.8870329480774102,0.5079008834647514,1.0,0.8964037992660349,0.6408874662133929,0.526005524017337,0.8641417950161635,0.8631245947722355,0.73868353097874,0.6583788133937616,0.3765095266319242,-0.14810282486552068,-0.028380781117575332,-0.02684183137764728,-0.024161936918368893,-0.019673843513154852,-0.009219818070063304,0.17639739955000347,0.12404484664377277,-0.28640338951064676,-0.31768307165335535,-0.3454092577907561,-0.3338840921498427,-0.2810405482993936,-0.3648496376367749,-0.3767452828500147,-0.33349967201676545,-0.33980467884664295,-0.32322582178329945,-0.32218432704954125,-0.04856083024887805,-0.01878202589173883,-0.08362327852836358,0.10662875431497845,-0.5178220723677284,-0.577117510024163,-0.23065606671618194,-0.2845088268490685,-0.037414892472684355,-0.12821797728572212,-0.3092351596355719,0.005474919727865446,-0.08772834585297448,-0.25978734924941466,0.06218356461528647,-0.1651584177004288,0.13271063791426702,0.16611588912702585,-0.035649886267138255,-0.0439190056505278,0.017106309852780513,-0.036375056122903225,-0.01055370673117024,-0.001358474927135742,-0.02423982549048467
dist_to_ema_50,0.2588021700532145,0.03331425552924382,0.07642760785905463,0.058369213602827395,0.019263471928359602,0.11898641098949204,-0.32163233659092283,0.5228492426330543,0.8269296232909085,0.9739967602224492,0.7492578905610102,0.8964037992660349,1.0,0.6228472416592268,0.6921320679140304,0.6922421363594075,0.8317316583114084,0.6684157611486254,0.6735854569734389,0.5962683638105064,-0.20265637625972308,-0.02555308937351601,-0.0161736782225273,-0.013947799192310305,-0.017238711970399886,-0.009744429879232368,0.10141420214780189,0.05960620091745179,-0.24647042357251814,-0.2875532909766839,-0.34022340839124554,-0.36479442941794316,-0.3917748928758451,-0.3325877132232888,-0.38339193208414396,-0.31510188104339487,-0.3552736842889109,-0.31324424987335786,-0.34928037895719544,-0.022441230924677737,-0.005653247928016688,-0.0405389391742388,0.037514268684509605,-0.4817929930272402,-0.4800373827493218,-0.14395771320048054,-0.1941887246034866,-0.04040804919043364,-0.22403867665517857,-0.4148356275994889,-0.013935083833739693,-0.18400179603387287,-0.4057934005354628,0.04190485447501678,-0.12484947763324715,0.09160370182325815,0.11587316515295437,-0.03840115201393573,-0.02892737992246363,0.017718884327107196,-0.05300123779611716,-0.01328474942475418,-0.004356288755575587,-0.03678947027649658
sma_20_slope_norm,0.047777280802333955,0.012924662091829076,0.02819627636989095,0.029106127053586398,0.006698671572966771,0.061847029038113836,-0.7875897275900388,0.26103497154329425,0.5841829929821749,0.626274208031043,0.36531209851534163,0.6408874662133929,0.6228472416592268,1.0,0.6798691901190282,0.5082319061907316,0.8040299481140292,0.37956429057136215,0.36849098048456475,0.32503133052213545,-0.26323460208887245,-0.007964787031216062,0.007119677459893558,0.00949596563318479,-0.006295447716377587,-0.005230085776717694,0.0015320569810809007,-0.007075274998673917,-0.26046693113443353,-0.41970235640034825,-0.591601623255965,-0.5286610173731822,-0.39752123198127925,-0.4903584604681778,-0.5501023142681318,-0.37159294721202984,-0.49053857161272446,-0.31593707718033237,-0.4018845201704165,0.015491902372625453,0.028072741718105133,-0.13722019480739212,0.0071832908638428256,-0.7529137714987398,-0.829228593224152,-0.22551151349876403,-0.40333233629913595,-0.1169546371341992,-0.06908933033914921,-0.2392460421637867,-0.05905238903787564,-0.03645685028612537,-0.19129633212417593,0.11376687722170917,-0.07349108687146086,0.02516528465369534,0.012728078993186722,0.0015062933177197276,-0.01628642216774897,-0.005963461628504242,-0.053983742677243506,-0.03275686666933779,0.019290451127389155,-0.004941710399609651
sma_50_slope_norm,0.044571586094590436,0.018289385824745173,0.030606937690397972,0.02618500771084868,0.005838237692404088,0.04801331384372295,-0.5529555083651584,0.18415300556419348,0.39527158858133926,0.6520384298651839,0.5307258323197815,0.526005524017337,0.6921320679140304,0.6798691901190282,1.0,0.34377125738521364,0.5307941748522503,0.26249320932576675,0.32578411072104846,0.4191473419105973,-0.456435507801958,-0.003026338616129507,-0.015370364624066107,-0.017185727888535333,-0.010423559258178273,-0.007630386087232972,-0.004144583069293987,-0.020683922205466738,-0.20563519028525878,-0.3117771991771544,-0.44951979273133796,-0.5337395559263555,-0.6288528377484742,-0.3916447185050656,-0.5287140017791466,-0.2908710550098083,-0.3938666904594378,-0.2558455925348774,-0.33599498225802316,0.03233563958899454,0.03168380054794878,0.010214565764387354,-0.08800200995589923,-0.5260002096042633,-0.5221349665608018,-0.1123686311323263,-0.2141777559876634,-0.11881490290826673,-0.13011958580079194,-0.29796951948322603,-0.11821001435912146,-0.08629173090860656,-0.31368255852967897,0.03728840228588996,-0.05235584473854267,0.010757529438425777,0.02847606499972553,0.0021090196891182184,-0.006840391952863174,-0.011504812334752932,-0.0788528142490889,-0.04957189577924948,0.031936612180015506,-0.00500868539268447
momentum_10,0.3072520563202531,0.020806505901521485,0.04013793833941978,0.036803268150358344,0.015454589710750928,0.1251000417170321,-0.321951466507681,0.583626201353044,0.893161129188442,0.6696999106617795,0.34565551557523627,0.8641417950161635,0.6922421363594075,0.5082319061907316,0.34377125738521364,1.0,0.6922251994469595,0.6723450596126165,0.5433408498217375,0.19877796874227618,-0.03413635005806113,-0.021982201500294007,-0.04648227175957768,-0.0493119968885599,-0.04105967078009073,-0.026684481774768957,0.12876481632961922,0.08976784105472883,-0.3341062924074497,-0.3784817551461904,-0.2758385021177759,-0.23004847851505664,-0.1785728702889664,-0.3715531175398537,-0.32815582871006205,-0.3695969928610511,-0.26193517762003166,-0.3425615704809556,-0.24252120923140744,-0.09043869354689581,-0.018277493404465262,-0.07114578681260643,0.1171349819071115,-0.4246215282997552,-0.5230913963295121,-0.3123080075911546,-0.4052228686369328,-0.03523493098031331,-0.08257243549065195,-0.21369687569451162,0.00875805482598551,-0.05622423555742377,-0.17262299789712707,0.06322587306533368,-0.21230202173412804,0.09972321960485665,0.10415385422100608,-0.023303069849073356,-0.05054457186122878,0.012128612353744258,-0.02504557724332585,-0.007338048414501099,-0.0006646935147692007,-0.017209514056202798
momentum_20,0.2254131301462206,0.028543800786145285,0.06480221644345502,0.04834522894592413,0.01586053112240887,0.11050249886819803,-0.47054039883841975,0.4931425559804851,0.849270804297051,0.8449156270576921,0.4798339889299653,0.8631245947722355,0.8317316583114084,0.8040299481140292,0.5307941748522503,0.6922251994469595,1.0,0.6598213856057493,0.6207355963673099,0.4378793004105207,-0.1311872872550368,-0.018766544893831106,0.008064886934457303,0.011114447789811447,-0.013452134073004048,-0.005942946625600301,0.08592928185191873,0.05567464674644276,-0.27583226661942384,-0.3506246748795869,-0.4255770852159054,-0.35102115622484903,-0.26923779618116345,-0.3947902571545072,-0.4058910584703667,-0.35532655857488155,-0.40599393141904744,-0.3366088462509974,-0.3765717863858761,-0.026903356841827538,-0.016310102604367587,-0.13466414670017204,0.11932245445433855,-0.6271006302144045,-0.6838075843167465,-0.231731258153074,-0.3174300839966927,-0.042034612972125414,-0.12791263160327832,-0.31445710864431453,0.0051692060334861895,-0.08712507156634293,-0.25584146876143915,0.07308268481665023,-0.16158409177027597,0.06738459594929756,0.08274716468975668,-0.030885813224914575,-0.0401539949599454,0.013669004785944822,-0.034557179467619534,-0.009377600198706692,-0.001985562984921733,-0.025271638391932832
rsi_14,0.21533352820112772,0.03846344027670214,0.08474180524379885,0.055805886939380024,0.025563833801176827,0.20368647582813573,-0.0938709763191825,0.722135124284967,0.7854567792297503,0.6597231005728924,0.38839326817292713,0.73868353097874,0.6684157611486254,0.37956429057136215,0.26249320932576675,0.6723450596126165,0.6598213856057493,1.0,0.766045323865608,0.3247920769050341,0.013035023816084975,-0.028825560499286133,-0.0008958399153356941,-0.0005394412678635336,-0.022425608631232975,-0.01492716864402681,0.0863376928829613,0.06648718211974597,-0.10374711939800872,-0.1076717843227109,-0.08622458212411627,-0.0761494022080137,-0.08071064848476787,-0.11386087872287268,-0.1061534057988722,-0.12843597282232477,-0.09850089405655126,-0.1335152832655276,-0.10304022410089098,-0.06711543219945076,-0.05238443872274603,0.005664533171214794,0.170139636068813,-0.21545072969447562,-0.37694440728085143,-0.0880214336966794,-0.11053258380249432,0.032594935515461484,-0.0622092991837882,-0.13103737817410105,0.06721637300774327,-0.021388764982664708,-0.12226777020630729,0.02516228089246227,-0.0657578645617021,0.07105377147236962,0.10534662792830687,-0.05467808676901845,-0.017409063040643442,0.046816090454542034,-0.031101013429922476,-0.01427571709877856,0.00467164108070217,-0.030315049026979537
price_position_ma,0.18787172499952898,0.04513650664389022,0.0896913515759603,0.05911244121864282,0.031474638725330545,0.18888818609089905,-0.09573904562359402,0.6480918041580384,0.6603193186819735,0.704836923326728,0.46020502492764415,0.6583788133937616,0.6735854569734389,0.36849098048456475,0.32578411072104846,0.5433408498217375,0.6207355963673099,0.766045323865608,1.0,0.5411948409180248,-0.02309684603591393,-0.03414364815629113,0.0026839693276800056,0.002844310940518601,-0.008994256968240733,-0.006423837787981713,0.06885981840788853,0.055496256390032216,-0.10488446850610735,-0.11552573635559261,-0.12012943824691086,-0.11588364469281469,-0.11243095228181653,-0.12458365799231988,-0.12926160873440085,-0.13957565704574906,-0.1408793019419996,-0.1460953318918607,-0.14931039703824758,-0.04387943445423569,-0.030464624407448012,-0.027063292374263786,0.10391529503410299,-0.22821007122268602,-0.3206648803541785,-0.06315398815014533,-0.08075762225508747,0.04224168557462254,-0.1002371631471421,-0.19361773271151478,0.08362313043939432,-0.04190842363922961,-0.18177803383466953,0.035489558760852226,-0.04002683403231828,0.07065078627488694,0.12111824700903948,-0.04734625934188259,-0.01597289337019914,0.03669593530954381,-0.02923982061959573,-0.011890346540594622,0.0017557568342650527,-0.026716344674744128
trend_signal,0.02932537923584956,-0.0033377466869600214,0.041817724914467856,0.0027173576204973984,-0.004865745791789153,0.08245151244342395,-0.10186984065469118,0.21083088477235973,0.29584248311064515,0.6438308372810114,0.5391696690330423,0.3765095266319242,0.5962683638105064,0.32503133052213545,0.4191473419105973,0.19877796874227618,0.4378793004105207,0.3247920769050341,0.5411948409180248,1.0,-0.046552841748227644,-0.019051853747600628,0.010298822263544428,0.008980303693581068,-0.006220974247061615,-0.00367102846233302,-0.0070973074145803455,-0.029415675868695108,-0.10792361846004016,-0.13061650549412868,-0.1560224969146919,-0.16495113389685562,-0.15910975568013425,-0.14165963130350948,-0.16347223802551536,-0.14438247875493526,-0.1737076500261427,-0.14345231666851513,-0.1763271308167645,-0.006356619387380012,0.017368107117122483,-0.06179343661601904,-0.011113763930443481,-0.2114711385711876,-0.2086249453109289,-0.027227519418775884,-0.057566961287826485,0.020872725402064123,-0.18198091917420012,-0.2625932023520026,0.07157455633149529,-0.0992824744741973,-0.24733463148806756,0.05696979906675662,-0.05007514940609588,0.008412009910772867,0.001560661036229719,-0.022402576063200775,-0.016326208465525165,0.011580305028362258,-0.03773462401034557,-0.012470412260547677,0.0006797728904853165,-0.03738077472965602
trend_strength,-0.0001768238377515757,-0.06261203000356756,0.0003506958340218842,-0.07527683550692024,-0.025872756916374147,-0.047037423167594954,0.4298533831257323,0.0004490645040365936,-0.06015225022714219,-0.159913530713124,-0.2196302214949874,-0.14810282486552068,-0.20265637625972308,-0.26323460208887245,-0.456435507801958,-0.03413635005806113,-0.1311872872550368,0.013035023816084975,-0.02309684603591393,-0.046552841748227644,1.0,-0.0110851157583288,0.009141728770781366,0.003110430617112639,0.001964957275223017,0.0005039159619153247,0.046427853454665054,0.012870116119228697,0.24546411238557836,0.33383540965309977,0.5225099231137248,0.6349260785320274,0.6210863104575416,0.4090751845382096,0.5528885746226436,0.3696000832401855,0.53763901899035,0.3629237431446684,0.5171826613766624,-0.11395741055990373,-0.06478699936465585,0.09898581421269083,0.4921965001599017,0.43346392063337535,0.14281486445083486,-0.027101628961825136,0.029065002433106706,0.15277957397918793,0.019983799220777202,0.3582745246823894,0.13852806376508436,0.041592880685373944,0.35334597736578455,-0.06474593254486956,0.09216988418690975,-0.03597048587747137,-0.024283455304686893,-0.010866734460714636,0.006339498222022863,-0.009061561955719905,0.04865649257600803,0.08632574186172151,-0.08332010834212016,-0.06725425896561092
day_of_week,-0.012461185371434017,-0.14019272315984957,-0.12507648707926125,-0.13884137237543653,-0.0316343375123192,-0.020510155103089654,0.0010980376748987053,-0.03683027882877677,-0.028097398612218896,-0.02611892543377922,-0.01723637892057484,-0.028380781117575332,-0.02555308937351601,-0.007964787031216062,-0.003026338616129507,-0.021982201500294007,-0.018766544893831106,-0.028825560499286133,-0.03414364815629113,-0.019051853747600628,-0.0110851157583288,1.0,-0.00922122821050346,-0.010918688466311327,0.0707770141281001,-0.05548241354085891,-0.028299083412361162,-0.05204040444653775,0.011723591836392076,0.0032679968052964988,-0.005076862412508277,-0.0028097194833614633,-0.0008374232894401897,-0.002596128563961755,-0.0027241591772986305,-1.9911897397257114e-05,-0.008009903648175224,-0.0005757287818180328,-0.008523008670774788,0.01887079056990076,-0.00453360319966125,-0.015641951233914146,-0.01390596559280561,0.0018741501244448424,0.014565784852077993,0.008463348862424844,0.0018234598634694935,-0.04387989837854968,-0.030656567494260465,0.01692474820666043,-0.05483753190907088,-0.034882824332137685,0.020743117981088077,0.0025062970792587933,-0.1068153671334426,0.03033304298595462,0.03417031584275085,-0.014513491707191482,0.12206184868611898,0.3561851293307193,0.004178733658866639,-0.00037375148055158504,0.004483996027503582,0.00018575810266509925
day_of_month,-0.008828775316685264,0.03388404512816439,0.02295591859958962,0.025238498996725586,0.008534663169048303,-0.007014569169548775,-0.00581411400286431,-0.016369571859915704,-0.014933139517457493,-0.008263883733124644,-0.008413632409093014,-0.02684183137764728,-0.0161736782225273,0.007119677459893558,-0.015370364624066107,-0.04648227175957768,0.008064886934457303,-0.0008958399153356941,0.0026839693276800056,0.010298822263544428,0.009141728770781366,-0.00922122821050346,1.0,0.9738283518980207,0.3469588355985399,-0.3480163439968358,-0.0149833484594352,-0.022560249733995612,0.04615645235819849,0.02207416251921849,0.009429446857141055,0.02177348637886193,0.011884490562159998,0.028281775109409386,0.02238356068239707,0.034524769615990596,0.009672490107109495,0.03621896864123297,0.01063073775919818,0.017302681944312687,-0.007642783348104548,0.002449909043556867,0.007235549632998672,0.008701226149456981,0.009013279552955417,0.031522520162812956,0.02487276055830081,0.009732243356241366,0.02704669415034829,0.03794242442618569,0.011428109936912276,0.01635697880197548,0.016118356911410787,-0.0035924784434151393,-0.008469519584310796,-0.03700152667041905,-0.015221311883553896,-0.012348413846025719,-0.01631043994030937,0.007539573435698062,-0.0001222609430162114,0.0007164350547761495,-0.0006002958131102251,0.00020242279512209876
week_of_month,-0.0031627107914572565,0.02991819598693502,0.018064148167991238,0.02433480936602077,0.0048460839463824595,-0.006487189812106812,-0.008285407413290315,-0.017561270057233052,-0.013288852634973243,-0.006044207856356354,-0.008582425096297877,-0.024161936918368893,-0.013947799192310305,0.00949596563318479,-0.017185727888535333,-0.0493119968885599,0.011114447789811447,-0.0005394412678635336,0.002844310940518601,0.008980303693581068,0.003110430617112639,-0.010918688466311327,0.9738283518980207,1.0,0.37239053370753455,-0.28948404475370965,-0.009407020324547124,-0.01689370229817484,0.04362949237018503,0.02131096355872792,0.005351308026150073,0.017142259400449857,0.008975768044197426,0.02626522641761515,0.01937404366518315,0.032476088503714265,0.003955256763056879,0.03413389236651959,0.00445392212603243,0.015351570970525863,-0.009897692994611174,-0.0012169611536618575,0.0032258658303316863,0.005069312494704379,0.008632457883793021,0.030810486578744918,0.02533627852891726,0.011335589692922147,0.025433386705340347,0.029526010084541147,0.011060111700668998,0.01229147907077823,0.010773627830412165,-0.006791497854336306,-0.014044654829771635,-0.046675052246017014,-0.01782409402882731,-0.006252667091523493,-0.013160388771286802,0.005210317779465033,-0.0004151008198179959,0.00036340339659835473,-0.00040875332206222615,0.00031009203197316705
is_month_end,0.026535162657578652,0.011532339042390864,0.010535927459370225,0.004563292343662942,-0.0006125464796663364,-0.0006186304602174222,0.00929991957400374,-0.011052159864692773,-0.02142059088105208,-0.01411679003737215,-0.007739563393561705,-0.019673843513154852,-0.017238711970399886,-0.006295447716377587,-0.010423559258178273,-0.04105967078009073,-0.013452134073004048,-0.022425608631232975,-0.008994256968240733,-0.006220974247061615,0.001964957275223017,0.0707770141281001,0.3469588355985399,0.37239053370753455,1.0,-0.049461395296373896,-0.009572707763231604,-0.017142095962740994,0.03299458332341939,0.0379531337810471,0.014800450244872781,0.021059742057363703,0.008911193530516524,0.03269222896559148,0.026178628872365585,0.04395297126865768,0.02033178154341766,0.0464381012645634,0.022088283559559583,0.00665649700959457,0.0066875507522669774,0.00798175776568777,0.007025486189163074,0.016938092297824017,0.009384758674952651,0.018180111897466277,0.0339907337712239,0.002255923059987376,0.01806662545382153,0.035506035208143626,0.006173919596155362,0.014900001898919692,0.01680572540937128,0.002874489676878334,0.0035438904405643915,-0.018590826532383576,0.013402625186860506,-0.05478695940656714,0.001105080883373097,0.019931555162040076,-0.0003907105253785759,0.0005426285225441076,-0.0010142016139911279,-0.0004890556346953025
is_month_start,0.01632070843138111,-0.020410130580362323,-0.009499218359355292,-0.009524398102755809,-0.005485682389726738,0.0019114885871866255,0.01133816187527642,-0.0019085707839865918,-0.013978426782034243,-0.00766041556641167,-0.005496202027828815,-0.009219818070063304,-0.009744429879232368,-0.005230085776717694,-0.007630386087232972,-0.026684481774768957,-0.005942946625600301,-0.01492716864402681,-0.006423837787981713,-0.00367102846233302,0.0005039159619153247,-0.05548241354085891,-0.3480163439968358,-0.28948404475370965,-0.049461395296373896,1.0,0.017486302890282968,0.02675996978803849,0.02906912734873486,0.03911260684765428,0.017007276324166556,0.022634034245975744,0.011201818174384091,0.032398315067180036,0.026956347083314063,0.043987539115050385,0.021449560796118906,0.04690263828111102,0.02305316753863995,-0.0001717933434569992,0.003095444797326014,0.0062014701047439095,0.012551166172977463,0.017463275902310314,0.005893700242337822,0.013632558771375765,0.02555718894721107,0.0003671660638903391,0.013524496934646945,0.034233415121303186,0.0058072175874836155,0.012488640475298381,0.01799991193925041,0.005522876248727585,0.009847819345854977,-0.05053479670973347,-0.04653583233014756,0.04964567861914779,0.04032866006679651,0.01467315786018474,-0.00039071052537874816,0.0005426285225439929,-0.0010142016139910307,-0.000489055634695262
overnight_gap,0.35389225802774454,-0.04853062092510426,-0.061322730713548476,-0.04344736169673827,-0.03352674352389493,0.040073504956873084,0.025650664782314172,0.10219893087036651,0.16350158939595638,0.09496564402799314,0.033827506627742684,0.17639739955000347,0.10141420214780189,0.0015320569810809007,-0.004144583069293987,0.12876481632961922,0.08592928185191873,0.0863376928829613,0.06885981840788853,-0.0070973074145803455,0.046427853454665054,-0.028299083412361162,-0.0149833484594352,-0.009407020324547124,-0.009572707763231604,0.017486302890282968,1.0,0.8126216259844753,-0.043224915002258675,0.011305956928586955,0.025628756862600247,0.03358428741522876,0.03583762938082626,-0.021726483591459976,0.006651757672012168,0.023697055731796448,0.037706320585127885,0.024076376036030522,0.0376775982920953,-0.038992197691798194,0.02872956437923186,-0.01827651034360734,0.1005283800643917,-0.014759422914674102,-0.07769759966849873,-0.10540106774236475,-0.035218050449467506,0.0017690792584106347,-0.0038795160969769356,0.018946911201410333,0.0015845169790410065,-0.0001398483301133926,0.026457635770269692,-0.0027748129721227124,-0.2562303940235336,-0.05452216063444867,0.2009802114144296,0.038629395663505296,-0.03521499996977881,-0.05334257010463422,0.01251205750721238,0.0380767752474423,-0.03677649166912554,-0.010774901413480252
overnight_gap_zscore,0.2619347039575916,-0.021441116591768308,-0.022525999722219584,-0.014612452914909294,-0.025212280978348676,0.04280127207978148,0.012630805585602256,0.10233349522682891,0.11604826782324097,0.05201090659696296,0.01286420816208062,0.12404484664377277,0.05960620091745179,-0.007075274998673917,-0.020683922205466738,0.08976784105472883,0.05567464674644276,0.06648718211974597,0.055496256390032216,-0.029415675868695108,0.012870116119228697,-0.05204040444653775,-0.022560249733995612,-0.01689370229817484,-0.017142095962740994,0.02675996978803849,0.8126216259844753,1.0,-0.032141322283024944,-0.004429506661239341,0.0017270543612633463,0.0042093984971055595,0.002863379152698812,-0.023559349433830697,-0.009798784505376712,-0.0033116061638921988,0.0022168215003322733,-0.004705004239891007,0.0005845217798293633,-0.014556410918157526,-0.0073758019263194825,0.003173369993122439,0.038989590843846164,-0.01837830231858661,-0.04268788056493238,-0.053276075070931996,-0.013093012825531252,0.0025551457841665815,0.0086062089251377,0.007982138234774817,0.0036895252721194146,0.003470910732923465,0.00471228617611599,0.0006461071602113189,-0.1300784427492965,-0.044963777324897265,0.17056022407779603,0.029658496884427343,-0.024757612197967502,-0.055678747472558306,-0.0012977747019725667,-0.00029618079353267094,0.002453717132990498,-0.0022949792862038336
rv_5d,-0.12644688935524262,0.1372169672661847,0.21118140507601196,0.17080758215188677,0.09570256345201303,-0.08224904764656245,0.4438542391313828,-0.09147256993252122,-0.2676169384796435,-0.21647602718297554,-0.23615866887301434,-0.28640338951064676,-0.24647042357251814,-0.26046693113443353,-0.20563519028525878,-0.3341062924074497,-0.27583226661942384,-0.10374711939800872,-0.10488446850610735,-0.10792361846004016,0.24546411238557836,0.011723591836392076,0.04615645235819849,0.04362949237018503,0.03299458332341939,0.02906912734873486,-0.043224915002258675,-0.032141322283024944,1.0,0.8041147748972006,0.6303537901401893,0.5529429397782332,0.4156345826107519,0.8735519884457449,0.7551691077556039,0.7610817089835668,0.6080784378795842,0.7144086319760196,0.5773973225553711,0.4561368498235814,-0.1773879312410987,0.33145649417967166,0.4825001728293746,0.5904055781719653,0.31600694528152723,0.7203424464019329,0.6040003503423333,0.10963532325473442,0.12655775562558824,0.4092305310376645,0.08358942689906101,0.1187350719346079,0.319567769690861,-0.06927286998090763,0.4871338368931508,-0.04726993217604768,-0.022538243644670226,-0.028245595065723484,0.1259189658942587,0.012029263516423494,0.01660800512167695,0.06441894510098149,-0.06756331782575044,-0.03412825910377959
rv_10d,-0.0822002596470345,0.04637521283226792,0.12887721622813836,0.0644563058341217,0.04279919382072346,-0.08532075587641196,0.6270604049406878,-0.0889646486130985,-0.2991782323423771,-0.2571301842360993,-0.27820618137537506,-0.31768307165335535,-0.2875532909766839,-0.41970235640034825,-0.3117771991771544,-0.3784817551461904,-0.3506246748795869,-0.1076717843227109,-0.11552573635559261,-0.13061650549412868,0.33383540965309977,0.0032679968052964988,0.02207416251921849,0.02131096355872792,0.0379531337810471,0.03911260684765428,0.011305956928586955,-0.004429506661239341,0.8041147748972006,1.0,0.8020512486496992,0.6998133940012954,0.526031092300971,0.9435988589561406,0.882794926325505,0.9256671549874345,0.7640544567691072,0.8590815204559905,0.7202898138257803,0.1686932108428656,-0.20731806020070226,0.3944630662089565,0.5995194385750076,0.7567078809529509,0.4163847615265851,0.5091905164376065,0.7415312727162562,0.13984461693687456,0.13174706956398535,0.49285827154563183,0.10193261841256183,0.128170732255046,0.3877331453181972,-0.09619014419545276,0.37382182703981204,-0.0376946070498551,-0.011265201284615153,-0.045950069290134905,0.08609352746206694,0.014670648127034173,0.023850460016713853,0.07709242011162211,-0.07904739482382166,-0.04039531790558524
rv_20d,-0.0724164818654484,-0.03390242444594045,0.04395329589456239,-0.03502072645458623,-0.001913560391255259,-0.08713448615505094,0.8105307206356527,-0.07626464742194543,-0.29230948946727403,-0.30998910946080466,-0.3334436624974104,-0.3454092577907561,-0.34022340839124554,-0.591601623255965,-0.44951979273133796,-0.2758385021177759,-0.4255770852159054,-0.08622458212411627,-0.12012943824691086,-0.1560224969146919,0.5225099231137248,-0.005076862412508277,0.009429446857141055,0.005351308026150073,0.014800450244872781,0.017007276324166556,0.025628756862600247,0.0017270543612633463,0.6303537901401893,0.8020512486496992,1.0,0.8840751901108131,0.6745785127425676,0.8821510947154851,0.9403819735471759,0.7871643438577104,0.9365512058097303,0.7431069678571794,0.8720837228794949,-0.06435196909894537,-0.23794948091573354,0.4357776517030029,0.733218889585543,0.945709667337658,0.5228941732798648,0.32943767473396374,0.49614022626609317,0.17668266904883634,0.1463714572046918,0.5968998170041501,0.12343265825192672,0.14443928767228303,0.4745594453220089,-0.12613664843604513,0.27695338357108373,-0.031064322378670954,-0.009755979123507294,-0.031789299480301576,0.057761253401674734,0.019887075154453874,0.03566929361528154,0.09285554126128741,-0.092321409544894,-0.045152605087848054
rv_30d,-0.05905376913534017,-0.045079982538734784,-0.00025087957335246855,-0.04578318257597481,-0.008861844321688881,-0.08912042086821485,0.7252672307125813,-0.06738875946389176,-0.2425341112170938,-0.3325808430277637,-0.371998885112246,-0.3338840921498427,-0.36479442941794316,-0.5286610173731822,-0.5337395559263555,-0.23004847851505664,-0.35102115622484903,-0.0761494022080137,-0.11588364469281469,-0.16495113389685562,0.6349260785320274,-0.0028097194833614633,0.02177348637886193,0.017142259400449857,0.021059742057363703,0.022634034245975744,0.03358428741522876,0.0042093984971055595,0.5529429397782332,0.6998133940012954,0.8840751901108131,1.0,0.7831455582145912,0.795185337281081,0.9172275479165833,0.7054039288791286,0.8528903478059717,0.6704094966529671,0.8014936273711059,-0.07993521799806541,-0.16095468505409863,0.23264475133069676,0.6945340425969031,0.8108256297244507,0.4228190361197858,0.1866254935181335,0.3013387973490952,0.21072535449947688,0.151049157483242,0.6466710340470461,0.14372577173715453,0.15537149665056355,0.5343945900062416,-0.1543091041960223,0.22836471540928324,-0.02942158823451239,-0.008347152581163007,-0.03061584659047699,0.04311958496772748,0.019559847627431078,0.045906266245283406,0.10446004644395462,-0.1014807721663957,-0.04763493215094719
rv_60d,-0.04766075553538911,-0.040777822883592926,-0.06015634025865375,-0.04293438235634716,-0.0064184373772193225,-0.0943113969511063,0.5499020556453701,-0.0738701935854451,-0.18888236814944567,-0.3085802421440421,-0.44671671543956465,-0.2810405482993936,-0.3917748928758451,-0.39752123198127925,-0.6288528377484742,-0.1785728702889664,-0.26923779618116345,-0.08071064848476787,-0.11243095228181653,-0.15910975568013425,0.6210863104575416,-0.0008374232894401897,0.011884490562159998,0.008975768044197426,0.008911193530516524,0.011201818174384091,0.03583762938082626,0.002863379152698812,0.4156345826107519,0.526031092300971,0.6745785127425676,0.7831455582145912,1.0,0.6076884720791335,0.7703330116104266,0.5482381713860676,0.673179657678968,0.5256113458907534,0.6383689064535548,-0.0798044269429613,-0.05488172628767751,-0.12119479335326014,0.5545741616243985,0.6022847168462502,0.305248711160113,0.1067902767071617,0.17113333815352255,0.1578479282868117,0.12771385329710122,0.5072485414724611,0.19637553371323582,0.16591881579917978,0.631400556672462,0.000982902203698664,0.17710401583950192,-0.022528269504866617,-0.029814585421928566,-0.012418599288572016,0.021845093498673338,0.022172614960147264,0.07260738494031711,0.13125465602809075,-0.12268566758882685,-0.05255257013761767
ewma_vol_10d,-0.12122838992191139,0.08441613671670918,0.16639653194643794,0.10677820746966056,0.07166939124645928,-0.09166267162070525,0.7021077169108516,-0.09834410385932665,-0.3271305012101293,-0.29951115620749746,-0.3135153262643777,-0.3648496376367749,-0.3325877132232888,-0.4903584604681778,-0.3916447185050656,-0.3715531175398537,-0.3947902571545072,-0.11386087872287268,-0.12458365799231988,-0.14165963130350948,0.4090751845382096,-0.002596128563961755,0.028281775109409386,0.02626522641761515,0.03269222896559148,0.032398315067180036,-0.021726483591459976,-0.023559349433830697,0.8735519884457449,0.9435988589561406,0.8821510947154851,0.795185337281081,0.6076884720791335,1.0,0.9567408421038903,0.8926676952977891,0.8305243476787288,0.8334841783692485,0.7755320342937247,0.20480459949519877,-0.21772337330326938,0.40103714840898336,0.6348236032341699,0.8404023976478996,0.48976696667170955,0.5722711099382483,0.6753749837617032,0.15743193586100188,0.13899345370677155,0.5346369104186102,0.11473386818920049,0.13276528414532499,0.42085491888335513,-0.10792534345452645,0.46340909852057754,-0.039150701318005264,-0.017675328590464053,-0.036180675201948016,0.1145252866763466,0.017710466474346365,0.03298955779275047,0.08769547688541074,-0.08782884144244787,-0.04371063049326004
ewma_vol_20d,-0.09766338931970871,0.01757956160192701,0.08468282208847712,0.028883392806080817,0.031588185559610536,-0.09514172403623056,0.7642225938464978,-0.09299052809534795,-0.3111596538109023,-0.3437614882515966,-0.37604480176440647,-0.3767452828500147,-0.38339193208414396,-0.5501023142681318,-0.5287140017791466,-0.32815582871006205,-0.4058910584703667,-0.1061534057988722,-0.12926160873440085,-0.16347223802551536,0.5528885746226436,-0.0027241591772986305,0.02238356068239707,0.01937404366518315,0.026178628872365585,0.026956347083314063,0.006651757672012168,-0.009798784505376712,0.7551691077556039,0.882794926325505,0.9403819735471759,0.9172275479165833,0.7703330116104266,0.9567408421038903,1.0,0.8551550772245489,0.8928940017632903,0.8039760980898761,0.835353543859707,0.060115115900943344,-0.1996493285714576,0.3296276270155103,0.6962245163130635,0.8849726373639221,0.4984929645093142,0.4205342138063602,0.5538343563714943,0.18436495146029275,0.1481398999534235,0.6048564147266143,0.144308881488486,0.14724079811669127,0.5087131189287313,-0.11255347476979331,0.3624073809432859,-0.03511225851098967,-0.020541522992615628,-0.03569591161752399,0.0810071797458566,0.023079542183965233,0.048505930102818964,0.10689386157032366,-0.10379940026861434,-0.04915190018073996
parkinson_vol_10d,-0.07402401076341836,0.030528328980458284,0.11175418920933648,0.04349788642071515,0.03559763005986409,-0.12340435726042087,0.5736134765377918,-0.11797114250530712,-0.3179149279632205,-0.2850851503654541,-0.30607523091148475,-0.33349967201676545,-0.31510188104339487,-0.37159294721202984,-0.2908710550098083,-0.3695969928610511,-0.35532655857488155,-0.12843597282232477,-0.13957565704574906,-0.14438247875493526,0.3696000832401855,-1.9911897397257114e-05,0.034524769615990596,0.032476088503714265,0.04395297126865768,0.043987539115050385,0.023697055731796448,-0.0033116061638921988,0.7610817089835668,0.9256671549874345,0.7871643438577104,0.7054039288791286,0.5482381713860676,0.8926676952977891,0.8551550772245489,1.0,0.8499945791334805,0.9851584852910173,0.8437477983421071,0.1230780676092545,-0.024875105385861306,0.36758197165465983,0.6310215358858551,0.7298780225527024,0.32535822497951994,0.40515742166945423,0.6041972307184721,0.09594751913167983,0.15492944434132783,0.6118054336367307,0.07274284056926374,0.15910549363352955,0.48598270896394075,-0.06373784030336069,0.40168565624949665,-0.05270372465946561,-0.020813848700828134,-0.035219324012534955,0.07980890647787083,0.015702119718100756,0.055686442790602565,0.12603188291902903,-0.12785031231270125,-0.05487007462128875
parkinson_vol_20d,-0.06539065609243368,-0.047435830267595035,0.022467502133242986,-0.05242330717452387,-0.0063410495425899995,-0.12399766723740656,0.7004257895165441,-0.09681842868997045,-0.2908493687096043,-0.32714421301264873,-0.35380437383938595,-0.33980467884664295,-0.3552736842889109,-0.49053857161272446,-0.3938666904594378,-0.26193517762003166,-0.40599393141904744,-0.09850089405655126,-0.1408793019419996,-0.1737076500261427,0.53763901899035,-0.008009903648175224,0.009672490107109495,0.003955256763056879,0.02033178154341766,0.021449560796118906,0.037706320585127885,0.0022168215003322733,0.6080784378795842,0.7640544567691072,0.9365512058097303,0.8528903478059717,0.673179657678968,0.8305243476787288,0.8928940017632903,0.8499945791334805,1.0,0.8436832046348356,0.9854944649766881,-0.06389480278179105,-0.01978272450715575,0.3839596683167602,0.7486824257078252,0.8664593924607126,0.3802931638302936,0.24714320565120917,0.3911003824974462,0.11797395815361665,0.1760012645733732,0.7224445855154213,0.08418844770750382,0.18523090185518817,0.5830699929260943,-0.08302124706684584,0.3066399325785914,-0.04155854653521833,-0.013452004630221684,-0.02101782723612534,0.05524601245500956,0.022209513972831576,0.06594989214661058,0.1401783935737529,-0.14108806904492857,-0.059966917505028076
gk_vol_10d,-0.06129282295412342,0.018122971008910638,0.0965819704594122,0.027266090182215874,0.028353692134178144,-0.12919716903379702,0.5034915703107613,-0.12650723037806613,-0.31298054703792455,-0.28483167181865404,-0.3016138251438684,-0.32322582178329945,-0.31324424987335786,-0.31593707718033237,-0.2558455925348774,-0.3425615704809556,-0.3366088462509974,-0.1335152832655276,-0.1460953318918607,-0.14345231666851513,0.3629237431446684,-0.0005757287818180328,0.03621896864123297,0.03413389236651959,0.0464381012645634,0.04690263828111102,0.024076376036030522,-0.004705004239891007,0.7144086319760196,0.8590815204559905,0.7431069678571794,0.6704094966529671,0.5256113458907534,0.8334841783692485,0.8039760980898761,0.9851584852910173,0.8436832046348356,1.0,0.8586821326093131,0.10735412697725971,0.02561336729739222,0.3539797364862598,0.6230812634785102,0.6824209065108343,0.25257590543006225,0.3405707844561358,0.5190174595761756,0.0707674415922184,0.161981416401271,0.6460474909298032,0.055298452294575584,0.16989560309931623,0.512922180684203,-0.04528932409231511,0.40462671799244865,-0.06027550649541698,-0.022004354327535187,-0.03387635955510166,0.07303106259032283,0.020492547823792822,0.05850766105116133,0.13321465910047894,-0.135452177194976,-0.05619966061441377
gk_vol_20d,-0.05836059331051098,-0.05508219136641016,0.009907254888868317,-0.06289483470905251,-0.01009988589559709,-0.1305336294891381,0.5969332891923932,-0.10350937329941808,-0.2791326365386227,-0.32356576434529377,-0.3480738835122494,-0.32218432704954125,-0.34928037895719544,-0.4018845201704165,-0.33599498225802316,-0.24252120923140744,-0.3765717863858761,-0.10304022410089098,-0.14931039703824758,-0.1763271308167645,0.5171826613766624,-0.008523008670774788,0.01063073775919818,0.00445392212603243,0.022088283559559583,0.02305316753863995,0.0376775982920953,0.0005845217798293633,0.5773973225553711,0.7202898138257803,0.8720837228794949,0.8014936273711059,0.6383689064535548,0.7755320342937247,0.835353543859707,0.8437477983421071,0.9854944649766881,0.8586821326093131,1.0,-0.06427840698135316,0.03946775367699864,0.36721961025000305,0.7409726031560702,0.7951835791151541,0.28021568981942374,0.20080679206945184,0.33017575971380375,0.08575067587958207,0.1880979567081375,0.7667292241369549,0.06153264645863177,0.20187143842749547,0.6180660331448032,-0.059894969955801534,0.3200952044424251,-0.04815772748967424,-0.014577493042237087,-0.0190372676659136,0.052293053859715104,0.027188859027062286,0.0667948146546718,0.14588969147507092,-0.14800522388224593,-0.06100476122271954
vol_ratio_5_20,-0.012686859085101998,0.32535156765327544,0.30933660180493416,0.3306157657437484,0.19019408094078466,-0.025957470010491833,-0.04180041500533108,-0.04950466550414054,-0.06267308367042591,-0.019390511876575495,0.005833936636523674,-0.04856083024887805,-0.022441230924677737,0.015491902372625453,0.03233563958899454,-0.09043869354689581,-0.026903356841827538,-0.06711543219945076,-0.04387943445423569,-0.006356619387380012,-0.11395741055990373,0.01887079056990076,0.017302681944312687,0.015351570970525863,0.00665649700959457,-0.0001717933434569992,-0.038992197691798194,-0.014556410918157526,0.4561368498235814,0.1686932108428656,-0.06435196909894537,-0.07993521799806541,-0.0798044269429613,0.20480459949519877,0.060115115900943344,0.1230780676092545,-0.06389480278179105,0.10735412697725971,-0.06427840698135316,1.0,-0.0003065306298607337,0.01719738053950553,-0.08094377025120726,-0.04653304228180524,0.010000818804421038,0.4310661730072339,0.2377745619027414,-0.019654353911392204,0.016562858684784774,-0.054565561217315955,-0.008618284624449097,-0.01027847044075079,-0.06572406412250378,0.022180616038216253,0.1959774904396981,-0.031732155099879485,-0.002728688779941455,-0.0012430809645136197,0.11403771360407944,-0.003232945776045268,-0.001280879533176507,-0.004892300796217233,0.004105929501090411,-0.0004538686470918044
vol_ratio_park_rv,-0.007847166077735713,-0.025507151491517086,-0.0876583497474022,-0.027586023689434143,-0.01368566990424642,-0.13802737284131994,-0.09561038298040808,-0.078883734663374,-0.029661653127172245,-0.009757554649396299,0.030957518888097516,-0.01878202589173883,-0.005653247928016688,0.028072741718105133,0.03168380054794878,-0.018277493404465262,-0.016310102604367587,-0.05238443872274603,-0.030464624407448012,0.017368107117122483,-0.06478699936465585,-0.00453360319966125,-0.007642783348104548,-0.009897692994611174,0.0066875507522669774,0.003095444797326014,0.02872956437923186,-0.0073758019263194825,-0.1773879312410987,-0.20731806020070226,-0.23794948091573354,-0.16095468505409863,-0.05488172628767751,-0.21772337330326938,-0.1996493285714576,-0.024875105385861306,-0.01978272450715575,0.02561336729739222,0.03946775367699864,-0.0003065306298607337,1.0,-0.44545623896020653,-0.2588481935493157,-0.18228813862247964,-0.06133779086899447,-0.1906548808268777,-0.24534873863564882,-0.2644908731391156,-0.09346582950379925,0.007696554198944563,-0.20090627855775084,-0.062231318640479996,0.03926330589929677,0.1578293237078236,-0.06891476671732004,-0.0037182912862140623,-0.02567598873706993,0.04353161301440492,-0.05398709690357459,0.004988281433582277,0.1899193802410829,0.22791849380834273,-0.1967745676276759,-0.004900930679145883
vol_ratio_20_60,-0.011710942083891483,0.004853716295039643,0.2254789851488818,0.00819234557413231,0.01131598681830254,-0.008959518036570711,0.24411306693945614,0.0028470561283954463,-0.08345724587843532,-0.06661989865126963,0.01746135354755487,-0.08362327852836358,-0.0405389391742388,-0.13722019480739212,0.010214565764387354,-0.07114578681260643,-0.13466414670017204,0.005664533171214794,-0.027063292374263786,-0.06179343661601904,0.09898581421269083,-0.015641951233914146,0.002449909043556867,-0.0012169611536618575,0.00798175776568777,0.0062014701047439095,-0.01827651034360734,0.003173369993122439,0.33145649417967166,0.3944630662089565,0.4357776517030029,0.23264475133069676,-0.12119479335326014,0.40103714840898336,0.3296276270155103,0.36758197165465983,0.3839596683167602,0.3539797364862598,0.36721961025000305,0.01719738053950553,-0.44545623896020653,1.0,0.3959407256551124,0.3843157115410292,0.13262895013526751,0.3036585951574647,0.4494561127258882,0.12936768801120724,0.09225656011709199,0.19010365485259847,-0.009878076916373442,-0.004348762539960489,-0.09552956025331678,-0.2227090436616421,0.14519369556239267,-0.0012084424301976758,0.01212691548525418,-0.04124963247891225,0.07673951032651771,0.02432634143415936,-0.007089917012359484,-0.009948113984647951,0.005271364335879641,0.005615031301432732
up_vol_20d,0.06970020678244963,-0.02845170694323225,0.06995677511058507,-0.023201413535462668,0.0040965429672079725,-0.06787673020508848,0.3645577032537158,0.109589128593314,0.14573155316143255,0.07232046120400987,-0.16213249827775414,0.10662875431497845,0.037514268684509605,0.0071832908638428256,-0.08800200995589923,0.1171349819071115,0.11932245445433855,0.170139636068813,0.10391529503410299,-0.011113763930443481,0.4921965001599017,-0.01390596559280561,0.007235549632998672,0.0032258658303316863,0.007025486189163074,0.012551166172977463,0.1005283800643917,0.038989590843846164,0.4825001728293746,0.5995194385750076,0.733218889585543,0.6945340425969031,0.5545741616243985,0.6348236032341699,0.6962245163130635,0.6310215358858551,0.7486824257078252,0.6230812634785102,0.7409726031560702,-0.08094377025120726,-0.2588481935493157,0.3959407256551124,1.0,0.4833921688758352,-0.12455144679667167,0.10148905550976409,0.2080074860921389,0.14139583143452442,0.11779710941200477,0.5434299292093249,0.12232914045050776,0.14681623971101332,0.44745215503217534,-0.07184885290489829,0.17847089604711328,-0.007916509326207834,0.04965006179184815,-0.050491034500687065,0.039654492854518775,0.018237076085968796,0.010054765076139201,0.10220134645945542,-0.11942673636182674,-0.05979865214189506
down_vol_20d,-0.12996799230521047,-0.03580149978428743,0.014605886764071778,-0.04260961874938882,-0.006973731548291487,-0.08159601657800707,0.8460182880227639,-0.16748013077947405,-0.47054501304965346,-0.46064700072545195,-0.3592715067177624,-0.5178220723677284,-0.4817929930272402,-0.7529137714987398,-0.5260002096042633,-0.4246215282997552,-0.6271006302144045,-0.21545072969447562,-0.22821007122268602,-0.2114711385711876,0.43346392063337535,0.0018741501244448424,0.008701226149456981,0.005069312494704379,0.016938092297824017,0.017463275902310314,-0.014759422914674102,-0.01837830231858661,0.5904055781719653,0.7567078809529509,0.945709667337658,0.8108256297244507,0.6022847168462502,0.8404023976478996,0.8849726373639221,0.7298780225527024,0.8664593924607126,0.6824209065108343,0.7951835791151541,-0.04653304228180524,-0.18228813862247964,0.3843157115410292,0.4833921688758352,1.0,0.7130940603747227,0.3702994186867093,0.5374553242256187,0.14379268692197678,0.1434079156888677,0.5445771260873419,0.08756104581413522,0.12640585715156058,0.4223690999169072,-0.11810405002283379,0.24556788066876123,-0.032017513659405666,-0.025171630276830927,-0.020630282307317376,0.050282766066512885,0.016914772670114597,0.039147979292844824,0.06930069387669598,-0.06126537188511289,-0.025931631763681202
vol_asymmetry_20d,-0.18793330845100117,0.004852402277123323,0.005147310421895702,0.006577648878317267,0.005087859825695169,-0.06782032653926494,0.7300781797307289,-0.2769682344353187,-0.5502447771912897,-0.469195566156592,-0.2636314525657412,-0.577117510024163,-0.4800373827493218,-0.829228593224152,-0.5221349665608018,-0.5230913963295121,-0.6838075843167465,-0.37694440728085143,-0.3206648803541785,-0.2086249453109289,0.14281486445083486,0.014565784852077993,0.009013279552955417,0.008632457883793021,0.009384758674952651,0.005893700242337822,-0.07769759966849873,-0.04268788056493238,0.31600694528152723,0.4163847615265851,0.5228941732798648,0.4228190361197858,0.305248711160113,0.48976696667170955,0.4984929645093142,0.32535822497951994,0.3802931638302936,0.25257590543006225,0.28021568981942374,0.010000818804421038,-0.06133779086899447,0.13262895013526751,-0.12455144679667167,0.7130940603747227,1.0,0.4003123626972119,0.5022136448171857,0.10115418093907814,0.02239734895835217,0.11196919021080401,0.025822453702644733,-0.02348299070785849,0.08528658653418869,-0.12924306793733598,0.19871975736874634,-0.0320629836062327,-0.04968076998042224,-0.004774086922555916,0.04244122772488885,0.008690238881067744,0.04904753733509768,0.029200765560961024,-0.005983916330418946,0.006230192079713705
vol_momentum_5d,-0.17319881303220935,0.18604777035001582,0.2478781312999815,0.241355739824315,0.12794878029743925,-0.03378817453423749,0.29506925200238227,-0.07574333863990376,-0.22374717057719865,-0.1291848611202284,-0.07207154272375138,-0.23065606671618194,-0.14395771320048054,-0.22551151349876403,-0.1123686311323263,-0.3123080075911546,-0.231731258153074,-0.0880214336966794,-0.06315398815014533,-0.027227519418775884,-0.027101628961825136,0.008463348862424844,0.031522520162812956,0.030810486578744918,0.018180111897466277,0.013632558771375765,-0.10540106774236475,-0.053276075070931996,0.7203424464019329,0.5091905164376065,0.32943767473396374,0.1866254935181335,0.1067902767071617,0.5722711099382483,0.4205342138063602,0.40515742166945423,0.24714320565120917,0.3405707844561358,0.20080679206945184,0.4310661730072339,-0.1906548808268777,0.3036585951574647,0.10148905550976409,0.3702994186867093,0.4003123626972119,1.0,0.6953617073386241,0.03284429101596264,0.004292693546870554,0.06310651176653675,0.010751999668136522,-0.01701928189972367,0.020330339219306808,-0.03982915902196092,0.4290745646553271,-0.03263193392441583,-0.0427453475473502,-0.03135607376704685,0.11362089921834893,0.014516102762832633,0.022478466109692688,0.01625612423272878,-0.011601902863452687,-0.0004924282727544951
vol_momentum_10d,-0.10123332199914789,0.09688608288610999,0.18472462948810445,0.12379338884439313,0.061190239823222706,-0.03289531204975695,0.4900707163211013,-0.08263460967105982,-0.28411113564337365,-0.18046094052276265,-0.10152929686381655,-0.2845088268490685,-0.1941887246034866,-0.40333233629913595,-0.2141777559876634,-0.4052228686369328,-0.3174300839966927,-0.11053258380249432,-0.08075762225508747,-0.057566961287826485,0.029065002433106706,0.0018234598634694935,0.02487276055830081,0.02533627852891726,0.0339907337712239,0.02555718894721107,-0.035218050449467506,-0.013093012825531252,0.6040003503423333,0.7415312727162562,0.49614022626609317,0.3013387973490952,0.17113333815352255,0.6753749837617032,0.5538343563714943,0.6041972307184721,0.3911003824974462,0.5190174595761756,0.33017575971380375,0.2377745619027414,-0.24534873863564882,0.4494561127258882,0.2080074860921389,0.5374553242256187,0.5022136448171857,0.6953617073386241,1.0,0.04713473298331872,0.010492754209163187,0.13141060375210578,0.012974949132602137,-0.01937082852903563,0.055285156060728265,-0.0599082888487322,0.33050999272871745,-0.025816388783948947,-0.02632418220709367,-0.03999407879429996,0.07998053800866119,0.009473725670068447,0.03384394126026671,0.02535363634347593,-0.018547260358552697,4.392420484581481e-06
beta_30d,0.011422511563586034,-0.007399641421394495,0.034523937580191684,-2.385154027295767e-05,-0.010947210762459903,0.011897979774599918,0.15432920633342578,0.016406849899878582,-0.017150152271647918,-0.029325846801252296,0.030847654072583483,-0.037414892472684355,-0.04040804919043364,-0.1169546371341992,-0.11881490290826673,-0.03523493098031331,-0.042034612972125414,0.032594935515461484,0.04224168557462254,0.020872725402064123,0.15277957397918793,-0.04387989837854968,0.009732243356241366,0.011335589692922147,0.002255923059987376,0.0003671660638903391,0.0017690792584106347,0.0025551457841665815,0.10963532325473442,0.13984461693687456,0.17668266904883634,0.21072535449947688,0.1578479282868117,0.15743193586100188,0.18436495146029275,0.09594751913167983,0.11797395815361665,0.0707674415922184,0.08575067587958207,-0.019654353911392204,-0.2644908731391156,0.12936768801120724,0.14139583143452442,0.14379268692197678,0.10115418093907814,0.03284429101596264,0.04713473298331872,1.0,0.6008463512483202,-0.0642718439025971,0.7858830041386675,0.42768598155967114,-0.07105043740852293,-0.5902173720705469,0.09403388762637466,-0.015209934516760637,0.004109452869151463,-0.031423252798628176,0.05274240630246164,0.061423395055275685,-0.1189645968144242,-0.05593064921360043,0.03104836876135769,0.028674150176137662
correlation_30d,-0.001513686215162723,0.01596384344586971,0.012499005272681699,0.013204245566276461,0.010515999765571573,-0.0701102151018165,0.042826118388550376,-0.05132174412408997,-0.10814143595807202,-0.20721213198580435,-0.279246695526428,-0.12821797728572212,-0.22403867665517857,-0.06908933033914921,-0.13011958580079194,-0.08257243549065195,-0.12791263160327832,-0.0622092991837882,-0.1002371631471421,-0.18198091917420012,0.019983799220777202,-0.030656567494260465,0.02704669415034829,0.025433386705340347,0.01806662545382153,0.013524496934646945,-0.0038795160969769356,0.0086062089251377,0.12655775562558824,0.13174706956398535,0.1463714572046918,0.151049157483242,0.12771385329710122,0.13899345370677155,0.1481398999534235,0.15492944434132783,0.1760012645733732,0.161981416401271,0.1880979567081375,0.016562858684784774,-0.09346582950379925,0.09225656011709199,0.11779710941200477,0.1434079156888677,0.02239734895835217,0.004292693546870554,0.010492754209163187,0.6008463512483202,1.0,0.3345411325748668,0.4606245805480073,0.779730668034033,0.2949307236577902,-0.3546912379281249,0.051305046794808414,-0.009159862835163316,-0.0021562756699255083,0.023268340234498617,0.037614185494663596,0.00862895325416988,-0.16631119135872421,-0.20988638668223308,0.17120895342191286,0.07195028989036853
index_vol_30d,-0.04281797019882137,-0.05280955489951249,-0.06296943465521682,-0.07049372984335443,-0.017492982217550246,-0.1418202663151282,0.31472371830050455,-0.0961735591598958,-0.26394021508517196,-0.3972327295763659,-0.4282312564393921,-0.3092351596355719,-0.4148356275994889,-0.2392460421637867,-0.29796951948322603,-0.21369687569451162,-0.31445710864431453,-0.13103737817410105,-0.19361773271151478,-0.2625932023520026,0.3582745246823894,0.01692474820666043,0.03794242442618569,0.029526010084541147,0.035506035208143626,0.034233415121303186,0.018946911201410333,0.007982138234774817,0.4092305310376645,0.49285827154563183,0.5968998170041501,0.6466710340470461,0.5072485414724611,0.5346369104186102,0.6048564147266143,0.6118054336367307,0.7224445855154213,0.6460474909298032,0.7667292241369549,-0.054565561217315955,0.007696554198944563,0.19010365485259847,0.5434299292093249,0.5445771260873419,0.11196919021080401,0.06310651176653675,0.13141060375210578,-0.0642718439025971,0.3345411325748668,1.0,-0.07952144900293334,0.35294421859782954,0.8149079790804066,0.00781409018711762,0.0833637894333275,-0.03484189127877401,0.028033837024508807,-0.00223918013613927,-0.02046380119827297,-0.037701301082895565,0.003133115717265045,0.006869628211079491,-0.00545570625054992,-0.004688145586411747
beta_60d,0.018150523885415402,-0.007015761721267972,0.019148415359603745,0.0028551232760776844,-0.005545491199196489,0.05058594983155625,0.1002824771650069,0.05357639961556068,0.024104884836902107,0.0065669894765314615,0.0530865193708266,0.005474919727865446,-0.013935083833739693,-0.05905238903787564,-0.11821001435912146,0.00875805482598551,0.0051692060334861895,0.06721637300774327,0.08362313043939432,0.07157455633149529,0.13852806376508436,-0.05483753190907088,0.011428109936912276,0.011060111700668998,0.006173919596155362,0.0058072175874836155,0.0015845169790410065,0.0036895252721194146,0.08358942689906101,0.10193261841256183,0.12343265825192672,0.14372577173715453,0.19637553371323582,0.11473386818920049,0.144308881488486,0.07274284056926374,0.08418844770750382,0.055298452294575584,0.06153264645863177,-0.008618284624449097,-0.20090627855775084,-0.009878076916373442,0.12232914045050776,0.08756104581413522,0.025822453702644733,0.010751999668136522,0.012974949132602137,0.7858830041386675,0.4606245805480073,-0.07952144900293334,1.0,0.5647106803497608,-0.09298999630074034,0.03533810027275982,0.12397312013187765,-0.03336613001701991,-0.017532827907919202,-0.016334935244665005,0.04927379700585031,0.03897567471764501,-0.13986514408507322,-0.058765893145816955,0.026582974679082726,0.03513201368802851
correlation_60d,0.0006681178006398972,-0.003213429319322436,-0.0005551398928337954,-0.004776549268944845,0.004240103330068641,-0.023281277383654868,0.034559095038298855,-0.008749324148196652,-0.07450806924423971,-0.15159918627240357,-0.3155504712126203,-0.08772834585297448,-0.18400179603387287,-0.03645685028612537,-0.08629173090860656,-0.05622423555742377,-0.08712507156634293,-0.021388764982664708,-0.04190842363922961,-0.0992824744741973,0.041592880685373944,-0.034882824332137685,0.01635697880197548,0.01229147907077823,0.014900001898919692,0.012488640475298381,-0.0001398483301133926,0.003470910732923465,0.1187350719346079,0.128170732255046,0.14443928767228303,0.15537149665056355,0.16591881579917978,0.13276528414532499,0.14724079811669127,0.15910549363352955,0.18523090185518817,0.16989560309931623,0.20187143842749547,-0.01027847044075079,-0.062231318640479996,-0.004348762539960489,0.14681623971101332,0.12640585715156058,-0.02348299070785849,-0.01701928189972367,-0.01937082852903563,0.42768598155967114,0.779730668034033,0.35294421859782954,0.5647106803497608,1.0,0.41913310868036796,0.04586058187858716,0.06348560997242779,-0.030758437807903074,-0.016652101264868734,0.035656531719696266,0.017639249359157807,-0.0363844771066859,-0.19400566271334016,-0.24341749911903554,0.19454775955428344,0.0830280551501467
index_vol_60d,-0.03616800978595837,-0.04134905479409829,-0.10058651051903851,-0.055501737309035036,-0.010098982587086207,-0.12133191759824002,0.25224426840758407,-0.08906593757596172,-0.21450697170769348,-0.3522054044546291,-0.4971454147805736,-0.25978734924941466,-0.4057934005354628,-0.19129633212417593,-0.31368255852967897,-0.17262299789712707,-0.25584146876143915,-0.12226777020630729,-0.18177803383466953,-0.24733463148806756,0.35334597736578455,0.020743117981088077,0.016118356911410787,0.010773627830412165,0.01680572540937128,0.01799991193925041,0.026457635770269692,0.00471228617611599,0.319567769690861,0.3877331453181972,0.4745594453220089,0.5343945900062416,0.631400556672462,0.42085491888335513,0.5087131189287313,0.48598270896394075,0.5830699929260943,0.512922180684203,0.6180660331448032,-0.06572406412250378,0.03926330589929677,-0.09552956025331678,0.44745215503217534,0.4223690999169072,0.08528658653418869,0.020330339219306808,0.055285156060728265,-0.07105043740852293,0.2949307236577902,0.8149079790804066,-0.09298999630074034,0.41913310868036796,1.0,-0.0009052748731611896,0.07020529794803579,-0.04225368970416598,0.007071623249624148,0.014236899503742132,-0.05621792379623211,-0.07641294835876584,0.0032160065068699895,0.00857545395373101,-0.0071271946567001395,-0.005510717361617018
beta_change,0.0011507516423887876,0.006571868957243428,-0.030860959375290292,0.006555282256036365,0.011573967992900365,0.033274823522554994,-0.11849873969418602,0.03079050613453713,0.05301949957258427,0.05462931904654687,0.01957680534368533,0.06218356461528647,0.04190485447501678,0.11376687722170917,0.03728840228588996,0.06322587306533368,0.07308268481665023,0.02516228089246227,0.035489558760852226,0.05696979906675662,-0.06474593254486956,0.0025062970792587933,-0.0035924784434151393,-0.006791497854336306,0.002874489676878334,0.005522876248727585,-0.0027748129721227124,0.0006461071602113189,-0.06927286998090763,-0.09619014419545276,-0.12613664843604513,-0.1543091041960223,0.000982902203698664,-0.10792534345452645,-0.11255347476979331,-0.06373784030336069,-0.08302124706684584,-0.04528932409231511,-0.059894969955801534,0.022180616038216253,0.1578293237078236,-0.2227090436616421,-0.07184885290489829,-0.11810405002283379,-0.12924306793733598,-0.03982915902196092,-0.0599082888487322,-0.5902173720705469,-0.3546912379281249,0.00781409018711762,0.03533810027275982,0.04586058187858716,-0.0009052748731611896,1.0,0.002600845001022153,-0.016966894840373347,-0.028579999337586013,0.02867708655691669,-0.02213117285328863,-0.04878809065551898,-0.001118734030114115,-0.0016463635196982582,-0.0026827727929226225,-0.004625799108567336
ivr,-0.5042799907029354,0.351095040083586,0.3904542033874819,0.4502479174443639,0.24677773966224376,-0.10280437310148281,0.086203895156304,-0.03770761305183586,-0.15262893599042188,-0.11393776001138513,-0.09431519171940984,-0.1651584177004288,-0.12484947763324715,-0.07349108687146086,-0.05235584473854267,-0.21230202173412804,-0.16158409177027597,-0.0657578645617021,-0.04002683403231828,-0.05007514940609588,0.09216988418690975,-0.1068153671334426,-0.008469519584310796,-0.014044654829771635,0.0035438904405643915,0.009847819345854977,-0.2562303940235336,-0.1300784427492965,0.4871338368931508,0.37382182703981204,0.27695338357108373,0.22836471540928324,0.17710401583950192,0.46340909852057754,0.3624073809432859,0.40168565624949665,0.3066399325785914,0.40462671799244865,0.3200952044424251,0.1959774904396981,-0.06891476671732004,0.14519369556239267,0.17847089604711328,0.24556788066876123,0.19871975736874634,0.4290745646553271,0.33050999272871745,0.09403388762637466,0.051305046794808414,0.0833637894333275,0.12397312013187765,0.06348560997242779,0.07020529794803579,0.002600845001022153,1.0,-0.027929218715410164,-0.05248091633080496,0.0007846805744430445,0.16272527194101083,0.007981675617930771,0.07960838759026834,0.08297525130342696,-0.0720987818563762,-0.011535005860733777
opm,0.24978135058324566,0.002026119055487284,-0.0008738026237271597,0.0033148583207318356,0.00027796927552365444,0.1135572487353064,-0.02969328720868486,0.09950550781672612,0.11994432073716318,0.0812328035379996,0.06534129331529044,0.13271063791426702,0.09160370182325815,0.02516528465369534,0.010757529438425777,0.09972321960485665,0.06738459594929756,0.07105377147236962,0.07065078627488694,0.008412009910772867,-0.03597048587747137,0.03033304298595462,-0.03700152667041905,-0.046675052246017014,-0.018590826532383576,-0.05053479670973347,-0.05452216063444867,-0.044963777324897265,-0.04726993217604768,-0.0376946070498551,-0.031064322378670954,-0.02942158823451239,-0.022528269504866617,-0.039150701318005264,-0.03511225851098967,-0.05270372465946561,-0.04155854653521833,-0.06027550649541698,-0.04815772748967424,-0.031732155099879485,-0.0037182912862140623,-0.0012084424301976758,-0.007916509326207834,-0.032017513659405666,-0.0320629836062327,-0.03263193392441583,-0.025816388783948947,-0.015209934516760637,-0.009159862835163316,-0.03484189127877401,-0.03336613001701991,-0.030758437807903074,-0.04225368970416598,-0.016966894840373347,-0.027929218715410164,1.0,0.2898358882564917,0.001991842799611756,0.009108956380089985,0.03916919096483567,-0.03627130826718306,-0.021786542166136215,0.02394226767637636,-0.014890168183689287
vds,0.37743826666259295,0.011678022103363902,0.011884620060474508,0.0042476122234555444,0.018929325549079768,0.1881819720321405,-0.012362088976881536,0.16773078568949623,0.14730661934652986,0.09773550457958949,0.08336156784705646,0.16611588912702585,0.11587316515295437,0.012728078993186722,0.02847606499972553,0.10415385422100608,0.08274716468975668,0.10534662792830687,0.12111824700903948,0.001560661036229719,-0.024283455304686893,0.03417031584275085,-0.015221311883553896,-0.01782409402882731,0.013402625186860506,-0.04653583233014756,0.2009802114144296,0.17056022407779603,-0.022538243644670226,-0.011265201284615153,-0.009755979123507294,-0.008347152581163007,-0.029814585421928566,-0.017675328590464053,-0.020541522992615628,-0.020813848700828134,-0.013452004630221684,-0.022004354327535187,-0.014577493042237087,-0.002728688779941455,-0.02567598873706993,0.01212691548525418,0.04965006179184815,-0.025171630276830927,-0.04968076998042224,-0.0427453475473502,-0.02632418220709367,0.004109452869151463,-0.0021562756699255083,0.028033837024508807,-0.017532827907919202,-0.016652101264868734,0.007071623249624148,-0.028579999337586013,-0.05248091633080496,0.2898358882564917,1.0,0.023722540742254217,-0.018767588799084554,0.014186234458383528,-0.03519406166324366,-0.022170186538097072,0.014651213807290864,-0.010823571358265047
pocs,0.027017597602228008,0.1364304679470559,0.10152950404495037,0.11772135403614475,0.05579498120240214,-0.05020065644849487,-0.022337551770064457,-0.053848337767849544,-0.04122008988943598,-0.03494316282534108,-0.0558027492307155,-0.035649886267138255,-0.03840115201393573,0.0015062933177197276,0.0021090196891182184,-0.023303069849073356,-0.030885813224914575,-0.05467808676901845,-0.04734625934188259,-0.022402576063200775,-0.010866734460714636,-0.014513491707191482,-0.012348413846025719,-0.006252667091523493,-0.05478695940656714,0.04964567861914779,0.038629395663505296,0.029658496884427343,-0.028245595065723484,-0.045950069290134905,-0.031789299480301576,-0.03061584659047699,-0.012418599288572016,-0.036180675201948016,-0.03569591161752399,-0.035219324012534955,-0.02101782723612534,-0.03387635955510166,-0.0190372676659136,-0.0012430809645136197,0.04353161301440492,-0.04124963247891225,-0.050491034500687065,-0.020630282307317376,-0.004774086922555916,-0.03135607376704685,-0.03999407879429996,-0.031423252798628176,0.023268340234498617,-0.00223918013613927,-0.016334935244665005,0.035656531719696266,0.014236899503742132,0.02867708655691669,0.0007846805744430445,0.001991842799611756,0.023722540742254217,1.0,0.07304940648169692,-0.20384080880666341,-0.0501161794241357,-0.09260408208818595,0.07347801617318332,0.005433204713535169
irr,-0.10187208401716748,0.04607512604730731,0.054564770659749295,0.048098226913173454,0.09776837843003283,-0.045096437159083916,0.016651056836702163,-0.033623835175703574,-0.040247387092851,-0.031240590293966895,0.007181784471060362,-0.0439190056505278,-0.02892737992246363,-0.01628642216774897,-0.006840391952863174,-0.05054457186122878,-0.0401539949599454,-0.017409063040643442,-0.01597289337019914,-0.016326208465525165,0.006339498222022863,0.12206184868611898,-0.01631043994030937,-0.013160388771286802,0.001105080883373097,0.04032866006679651,-0.03521499996977881,-0.024757612197967502,0.1259189658942587,0.08609352746206694,0.057761253401674734,0.04311958496772748,0.021845093498673338,0.1145252866763466,0.0810071797458566,0.07980890647787083,0.05524601245500956,0.07303106259032283,0.052293053859715104,0.11403771360407944,-0.05398709690357459,0.07673951032651771,0.039654492854518775,0.050282766066512885,0.04244122772488885,0.11362089921834893,0.07998053800866119,0.05274240630246164,0.037614185494663596,-0.02046380119827297,0.04927379700585031,0.017639249359157807,-0.05621792379623211,-0.02213117285328863,0.16272527194101083,0.009108956380089985,-0.018767588799084554,0.07304940648169692,1.0,0.2977887365605382,0.0073092808696160715,0.023400736226960657,-0.026364462823669707,-0.0250077322688938
hvc,0.006526347382083311,-0.14846869686856726,-0.108673532979007,-0.14480980656721135,0.06877022008474427,0.01574304454062425,0.014985929972367695,0.01986754626673991,0.025009692499426712,0.017927671215896182,0.06640442970815538,0.017106309852780513,0.017718884327107196,-0.005963461628504242,-0.011504812334752932,0.012128612353744258,0.013669004785944822,0.046816090454542034,0.03669593530954381,0.011580305028362258,-0.009061561955719905,0.3561851293307193,0.007539573435698062,0.005210317779465033,0.019931555162040076,0.01467315786018474,-0.05334257010463422,-0.055678747472558306,0.012029263516423494,0.014670648127034173,0.019887075154453874,0.019559847627431078,0.022172614960147264,0.017710466474346365,0.023079542183965233,0.015702119718100756,0.022209513972831576,0.020492547823792822,0.027188859027062286,-0.003232945776045268,0.004988281433582277,0.02432634143415936,0.018237076085968796,0.016914772670114597,0.008690238881067744,0.014516102762832633,0.009473725670068447,0.061423395055275685,0.00862895325416988,-0.037701301082895565,0.03897567471764501,-0.0363844771066859,-0.07641294835876584,-0.04878809065551898,0.007981675617930771,0.03916919096483567,0.014186234458383528,-0.20384080880666341,0.2977887365605382,1.0,0.06519898493651591,0.10288583513235636,-0.09570480088151748,-0.0025734736444497017
sector_encoded,-0.007963032641547024,0.0006881093793050408,0.003472855371480239,0.009714133440823306,0.005451382115851241,-0.02508821446113157,0.05348133258740041,-0.023271092889506864,-0.024973766678485006,-0.030892565732398288,-0.07085244740557368,-0.036375056122903225,-0.05300123779611716,-0.053983742677243506,-0.0788528142490889,-0.02504557724332585,-0.034557179467619534,-0.031101013429922476,-0.02923982061959573,-0.03773462401034557,0.04865649257600803,0.004178733658866639,-0.0001222609430162114,-0.0004151008198179959,-0.0003907105253785759,-0.00039071052537874816,0.01251205750721238,-0.0012977747019725667,0.01660800512167695,0.023850460016713853,0.03566929361528154,0.045906266245283406,0.07260738494031711,0.03298955779275047,0.048505930102818964,0.055686442790602565,0.06594989214661058,0.05850766105116133,0.0667948146546718,-0.001280879533176507,0.1899193802410829,-0.007089917012359484,0.010054765076139201,0.039147979292844824,0.04904753733509768,0.022478466109692688,0.03384394126026671,-0.1189645968144242,-0.16631119135872421,0.003133115717265045,-0.13986514408507322,-0.19400566271334016,0.0032160065068699895,-0.001118734030114115,0.07960838759026834,-0.03627130826718306,-0.03519406166324366,-0.0501161794241357,0.0073092808696160715,0.06519898493651591,1.0,0.6516394229828092,-0.6263909635590973,0.028993174156169838
liquidity_rank,-0.002126077868787029,-0.002004806209335487,0.0046465035055023125,0.011899978769892666,0.008583982072951074,-0.026584482311024706,0.07146020026874782,-0.025226179696400914,-0.002910369731279821,0.006644351582057774,0.021036443782437995,-0.01055370673117024,-0.01328474942475418,-0.03275686666933779,-0.04957189577924948,-0.007338048414501099,-0.009377600198706692,-0.01427571709877856,-0.011890346540594622,-0.012470412260547677,0.08632574186172151,-0.00037375148055158504,0.0007164350547761495,0.00036340339659835473,0.0005426285225441076,0.0005426285225439929,0.0380767752474423,-0.00029618079353267094,0.06441894510098149,0.07709242011162211,0.09285554126128741,0.10446004644395462,0.13125465602809075,0.08769547688541074,0.10689386157032366,0.12603188291902903,0.1401783935737529,0.13321465910047894,0.14588969147507092,-0.004892300796217233,0.22791849380834273,-0.009948113984647951,0.10220134645945542,0.06930069387669598,0.029200765560961024,0.01625612423272878,0.02535363634347593,-0.05593064921360043,-0.20988638668223308,0.006869628211079491,-0.058765893145816955,-0.24341749911903554,0.00857545395373101,-0.0016463635196982582,0.08297525130342696,-0.021786542166136215,-0.022170186538097072,-0.09260408208818595,0.023400736226960657,0.10288583513235636,0.6516394229828092,1.0,-0.8418934853741203,0.17255736298214086
is_blue_chip,-0.00030924631177078036,0.0005436614481269833,-0.010198476079731723,-0.012130138674042416,-0.008215711889865,0.01278692224978524,-0.060347595323745784,0.012605197746187714,-0.006144848061050273,-0.019981075590835014,-0.042603816844930656,-0.001358474927135742,-0.004356288755575587,0.019290451127389155,0.031936612180015506,-0.0006646935147692007,-0.001985562984921733,0.00467164108070217,0.0017557568342650527,0.0006797728904853165,-0.08332010834212016,0.004483996027503582,-0.0006002958131102251,-0.00040875332206222615,-0.0010142016139911279,-0.0010142016139910307,-0.03677649166912554,0.002453717132990498,-0.06756331782575044,-0.07904739482382166,-0.092321409544894,-0.1014807721663957,-0.12268566758882685,-0.08782884144244787,-0.10379940026861434,-0.12785031231270125,-0.14108806904492857,-0.135452177194976,-0.14800522388224593,0.004105929501090411,-0.1967745676276759,0.005271364335879641,-0.11942673636182674,-0.06126537188511289,-0.005983916330418946,-0.011601902863452687,-0.018547260358552697,0.03104836876135769,0.17120895342191286,-0.00545570625054992,0.026582974679082726,0.19454775955428344,-0.0071271946567001395,-0.0026827727929226225,-0.0720987818563762,0.02394226767637636,0.014651213807290864,0.07347801617318332,-0.026364462823669707,-0.09570480088151748,-0.6263909635590973,-0.8418934853741203,1.0,-0.06865326338901005
lot_size_log,-0.005349034609729403,-0.011238281382386642,-0.014864390322280591,-0.008251403771116416,-0.003825292282700083,-0.034542816165361256,-0.039160605909900115,-0.033769845300034546,-0.025559413002628907,-0.04290212383601523,-0.07107608349573225,-0.02423982549048467,-0.03678947027649658,-0.004941710399609651,-0.00500868539268447,-0.017209514056202798,-0.025271638391932832,-0.030315049026979537,-0.026716344674744128,-0.03738077472965602,-0.06725425896561092,0.00018575810266509925,0.00020242279512209876,0.00031009203197316705,-0.0004890556346953025,-0.000489055634695262,-0.010774901413480252,-0.0022949792862038336,-0.03412825910377959,-0.04039531790558524,-0.045152605087848054,-0.04763493215094719,-0.05255257013761767,-0.04371063049326004,-0.04915190018073996,-0.05487007462128875,-0.059966917505028076,-0.05619966061441377,-0.06100476122271954,-0.0004538686470918044,-0.004900930679145883,0.005615031301432732,-0.05979865214189506,-0.025931631763681202,0.006230192079713705,-0.0004924282727544951,4.392420484581481e-06,0.028674150176137662,0.07195028989036853,-0.004688145586411747,0.03513201368802851,0.0830280551501467,-0.005510717361617018,-0.004625799108567336,-0.011535005860733777,-0.014890168183689287,-0.010823571358265047,0.005433204713535169,-0.0250077322688938,-0.0025734736444497017,0.028993174156169838,0.17255736298214086,-0.06865326338901005,1.0
