feature_1,feature_2,correlation,abs_correlation
parkinson_vol_20d,gk_vol_20d,0.9854944649766881,0.9854944649766881
parkinson_vol_10d,gk_vol_10d,0.9851584852910173,0.9851584852910173
dist_to_sma_50,dist_to_ema_50,0.9739967602224492,0.9739967602224492
day_of_month,week_of_month,0.9738283518980207,0.9738283518980207
dist_to_sma_20,dist_to_ema_20,0.9723416162031671,0.9723416162031671
ewma_vol_10d,ewma_vol_20d,0.9567408421038903,0.9567408421038903
rv_20d,down_vol_20d,0.945709667337658,0.945709667337658
rv_10d,ewma_vol_10d,0.9435988589561406,0.9435988589561406
rv_20d,ewma_vol_20d,0.9403819735471759,0.9403819735471759
rv_20d,parkinson_vol_20d,0.9365512058097303,0.9365512058097303
rv_10d,parkinson_vol_10d,0.9256671549874345,0.9256671549874345
rv_30d,ewma_vol_20d,0.9172275479165833,0.9172275479165833
dist_to_ema_20,dist_to_ema_50,0.8964037992660349,0.8964037992660349
dist_to_sma_20,momentum_10,0.893161129188442,0.893161129188442
ewma_vol_20d,parkinson_vol_20d,0.8928940017632903,0.8928940017632903
ewma_vol_10d,parkinson_vol_10d,0.8926676952977891,0.8926676952977891
volume_zscore_20,volume_ratio_20,0.8906771536753367,0.8906771536753367
dist_to_sma_50,dist_to_ema_20,0.8870329480774102,0.8870329480774102
ewma_vol_20d,down_vol_20d,0.8849726373639221,0.8849726373639221
rv_20d,rv_30d,0.8840751901108131,0.8840751901108131
rv_10d,ewma_vol_20d,0.882794926325505,0.882794926325505
rv_20d,ewma_vol_10d,0.8821510947154851,0.8821510947154851
rv_5d,ewma_vol_10d,0.8735519884457449,0.8735519884457449
rv_20d,gk_vol_20d,0.8720837228794949,0.8720837228794949
parkinson_vol_20d,down_vol_20d,0.8664593924607126,0.8664593924607126
volume_zscore_20,volume_zscore_60,0.8660648652362203,0.8660648652362203
dist_to_ema_20,momentum_10,0.8641417950161635,0.8641417950161635
dist_to_ema_20,momentum_20,0.8631245947722355,0.8631245947722355
rv_10d,gk_vol_10d,0.8590815204559905,0.8590815204559905
gk_vol_10d,gk_vol_20d,0.8586821326093131,0.8586821326093131
volume_zscore_60,volume_ratio_20,0.8574371675698401,0.8574371675698401
ewma_vol_20d,parkinson_vol_10d,0.8551550772245489,0.8551550772245489
rv_30d,parkinson_vol_20d,0.8528903478059717,0.8528903478059717
parkinson_vol_10d,parkinson_vol_20d,0.8499945791334805,0.8499945791334805
dist_to_sma_20,momentum_20,0.849270804297051,0.849270804297051
vp_width_pct,down_vol_20d,0.8460182880227639,0.8460182880227639
dist_to_sma_50,momentum_20,0.8449156270576921,0.8449156270576921
parkinson_vol_10d,gk_vol_20d,0.8437477983421071,0.8437477983421071
parkinson_vol_20d,gk_vol_10d,0.8436832046348356,0.8436832046348356
liquidity_rank,is_blue_chip,-0.8418934853741203,0.8418934853741203
ewma_vol_10d,down_vol_20d,0.8404023976478996,0.8404023976478996
ewma_vol_20d,gk_vol_20d,0.835353543859707,0.835353543859707
ewma_vol_10d,gk_vol_10d,0.8334841783692485,0.8334841783692485
dist_to_ema_50,momentum_20,0.8317316583114084,0.8317316583114084
ewma_vol_10d,parkinson_vol_20d,0.8305243476787288,0.8305243476787288
sma_20_slope_norm,vol_asymmetry_20d,-0.829228593224152,0.829228593224152
dist_to_sma_20,dist_to_ema_50,0.8269296232909085,0.8269296232909085
dist_to_sma_20,dist_to_sma_50,0.817062282951497,0.817062282951497
index_vol_30d,index_vol_60d,0.8149079790804066,0.8149079790804066
overnight_gap,overnight_gap_zscore,0.8126216259844753,0.8126216259844753
rv_30d,down_vol_20d,0.8108256297244507,0.8108256297244507
vp_width_pct,rv_20d,0.8105307206356527,0.8105307206356527
rv_5d,rv_10d,0.8041147748972006,0.8041147748972006
sma_20_slope_norm,momentum_20,0.8040299481140292,0.8040299481140292
ewma_vol_20d,gk_vol_10d,0.8039760980898761,0.8039760980898761
rv_10d,rv_20d,0.8020512486496992,0.8020512486496992
rv_30d,gk_vol_20d,0.8014936273711059,0.8014936273711059
rv_30d,ewma_vol_10d,0.795185337281081,0.795185337281081
gk_vol_20d,down_vol_20d,0.7951835791151541,0.7951835791151541
vp_width_pct,sma_20_slope_norm,-0.7875897275900388,0.7875897275900388
rv_20d,parkinson_vol_10d,0.7871643438577104,0.7871643438577104
beta_30d,beta_60d,0.7858830041386675,0.7858830041386675
dist_to_sma_20,rsi_14,0.7854567792297503,0.7854567792297503
rv_30d,rv_60d,0.7831455582145912,0.7831455582145912
correlation_30d,correlation_60d,0.779730668034033,0.779730668034033
ewma_vol_10d,gk_vol_20d,0.7755320342937247,0.7755320342937247
rv_60d,ewma_vol_20d,0.7703330116104266,0.7703330116104266
gk_vol_20d,index_vol_30d,0.7667292241369549,0.7667292241369549
rsi_14,price_position_ma,0.766045323865608,0.766045323865608
vp_width_pct,ewma_vol_20d,0.7642225938464978,0.7642225938464978
rv_10d,parkinson_vol_20d,0.7640544567691072,0.7640544567691072
rv_5d,parkinson_vol_10d,0.7610817089835668,0.7610817089835668
rv_10d,down_vol_20d,0.7567078809529509,0.7567078809529509
rv_5d,ewma_vol_20d,0.7551691077556039,0.7551691077556039
sma_20_slope_norm,down_vol_20d,-0.7529137714987398,0.7529137714987398
dist_to_sma_200,dist_to_ema_50,0.7492578905610102,0.7492578905610102
parkinson_vol_20d,up_vol_20d,0.7486824257078252,0.7486824257078252
rv_20d,gk_vol_10d,0.7431069678571794,0.7431069678571794
rv_10d,vol_momentum_10d,0.7415312727162562,0.7415312727162562
gk_vol_20d,up_vol_20d,0.7409726031560702,0.7409726031560702
dist_to_ema_20,rsi_14,0.73868353097874,0.73868353097874
rv_20d,up_vol_20d,0.733218889585543,0.733218889585543
vp_width_pct,vol_asymmetry_20d,0.7300781797307289,0.7300781797307289
parkinson_vol_10d,down_vol_20d,0.7298780225527024,0.7298780225527024
vp_width_pct,rv_30d,0.7252672307125813,0.7252672307125813
parkinson_vol_20d,index_vol_30d,0.7224445855154213,0.7224445855154213
vp_above_va,rsi_14,0.722135124284967,0.722135124284967
rv_5d,vol_momentum_5d,0.7203424464019329,0.7203424464019329
rv_10d,gk_vol_20d,0.7202898138257803,0.7202898138257803
rv_5d,gk_vol_10d,0.7144086319760196,0.7144086319760196
down_vol_20d,vol_asymmetry_20d,0.7130940603747227,0.7130940603747227
rv_30d,parkinson_vol_10d,0.7054039288791286,0.7054039288791286
dist_to_sma_50,price_position_ma,0.704836923326728,0.704836923326728
vp_width_pct,ewma_vol_10d,0.7021077169108516,0.7021077169108516
vp_width_pct,parkinson_vol_20d,0.7004257895165441,0.7004257895165441
